Abdoulaye_Wade/Abdoulaye_Wade_0001.jpg Abdoulaye_Wade/Abdoulaye_Wade_0002.jpg 1
Abdoulaye_Wade/Abdoulaye_Wade_0001.jpg Abdoulaye_Wade/Abdoulaye_Wade_0003.jpg 1
Abdoulaye_Wade/Abdoulaye_Wade_0002.jpg Abdoulaye_Wade/Abdoulaye_Wade_0003.jpg 1
Adam_Sandler/Adam_Sandler_0001.jpg Adam_Sandler/Adam_Sandler_0002.jpg 1
Adam_Sandler/Adam_Sandler_0001.jpg Adam_Sandler/Adam_Sandler_0004.jpg 1
Adam_Sandler/Adam_Sandler_0002.jpg Adam_Sandler/Adam_Sandler_0003.jpg 1
Aicha_El_Ouafi/Aicha_El_Ouafi_0001.jpg Aicha_El_Ouafi/Aicha_El_Ouafi_0003.jpg 1
Aicha_El_Ouafi/Aicha_El_Ouafi_0002.jpg Aicha_El_Ouafi/Aicha_El_Ouafi_0003.jpg 1
Akbar_Hashemi_Rafsanjani/Akbar_Hashemi_Rafsanjani_0001.jpg Akbar_Hashemi_Rafsanjani/Akbar_Hashemi_Rafsanjani_0003.jpg 1
Akbar_Hashemi_Rafsanjani/Akbar_Hashemi_Rafsanjani_0002.jpg Akbar_Hashemi_Rafsanjani/Akbar_Hashemi_Rafsanjani_0003.jpg 1
Al_Pacino/Al_Pacino_0001.jpg Al_Pacino/Al_Pacino_0002.jpg 1
Al_Pacino/Al_Pacino_0001.jpg Al_Pacino/Al_Pacino_0003.jpg 1
Alex_Barros/Alex_Barros_0001.jpg Alex_Barros/Alex_Barros_0002.jpg 1
Allyson_Felix/Allyson_Felix_0001.jpg Allyson_Felix/Allyson_Felix_0003.jpg 1
Allyson_Felix/Allyson_Felix_0001.jpg Allyson_Felix/Allyson_Felix_0004.jpg 1
Allyson_Felix/Allyson_Felix_0001.jpg Allyson_Felix/Allyson_Felix_0005.jpg 1
Allyson_Felix/Allyson_Felix_0004.jpg Allyson_Felix/Allyson_Felix_0005.jpg 1
Anastasia_Myskina/Anastasia_Myskina_0001.jpg Anastasia_Myskina/Anastasia_Myskina_0002.jpg 1
Andy_Roddick/Andy_Roddick_0008.jpg Andy_Roddick/Andy_Roddick_0012.jpg 1
Andy_Roddick/Andy_Roddick_0010.jpg Andy_Roddick/Andy_Roddick_0015.jpg 1
Andy_Roddick/Andy_Roddick_0013.jpg Andy_Roddick/Andy_Roddick_0015.jpg 1
Anna_Nicole_Smith/Anna_Nicole_Smith_0001.jpg Anna_Nicole_Smith/Anna_Nicole_Smith_0002.jpg 1
Antonio_Palocci/Antonio_Palocci_0001.jpg Antonio_Palocci/Antonio_Palocci_0008.jpg 1
Antonio_Palocci/Antonio_Palocci_0003.jpg Antonio_Palocci/Antonio_Palocci_0006.jpg 1
Antonio_Palocci/Antonio_Palocci_0004.jpg Antonio_Palocci/Antonio_Palocci_0005.jpg 1
Antonio_Palocci/Antonio_Palocci_0005.jpg Antonio_Palocci/Antonio_Palocci_0007.jpg 1
Antonio_Palocci/Antonio_Palocci_0006.jpg Antonio_Palocci/Antonio_Palocci_0008.jpg 1
Arnoldo_Aleman/Arnoldo_Aleman_0001.jpg Arnoldo_Aleman/Arnoldo_Aleman_0003.jpg 1
Arnoldo_Aleman/Arnoldo_Aleman_0003.jpg Arnoldo_Aleman/Arnoldo_Aleman_0005.jpg 1
Ashton_Kutcher/Ashton_Kutcher_0001.jpg Ashton_Kutcher/Ashton_Kutcher_0003.jpg 1
Ashton_Kutcher/Ashton_Kutcher_0002.jpg Ashton_Kutcher/Ashton_Kutcher_0003.jpg 1
Augusto_Roa_Bastos/Augusto_Roa_Bastos_0001.jpg Augusto_Roa_Bastos/Augusto_Roa_Bastos_0002.jpg 1
Aung_San_Suu_Kyi/Aung_San_Suu_Kyi_0001.jpg Aung_San_Suu_Kyi/Aung_San_Suu_Kyi_0002.jpg 1
Barry_Zito/Barry_Zito_0001.jpg Barry_Zito/Barry_Zito_0002.jpg 1
Bill_Graham/Bill_Graham_0001.jpg Bill_Graham/Bill_Graham_0009.jpg 1
Bill_Graham/Bill_Graham_0003.jpg Bill_Graham/Bill_Graham_0004.jpg 1
Bill_Graham/Bill_Graham_0004.jpg Bill_Graham/Bill_Graham_0006.jpg 1
Bill_Graham/Bill_Graham_0005.jpg Bill_Graham/Bill_Graham_0006.jpg 1
Bob_Dole/Bob_Dole_0001.jpg Bob_Dole/Bob_Dole_0003.jpg 1
Bruce_Weber/Bruce_Weber_0001.jpg Bruce_Weber/Bruce_Weber_0002.jpg 1
Carlos_Mesa/Carlos_Mesa_0001.jpg Carlos_Mesa/Carlos_Mesa_0002.jpg 1
Carolyn_Dawn_Johnson/Carolyn_Dawn_Johnson_0001.jpg Carolyn_Dawn_Johnson/Carolyn_Dawn_Johnson_0002.jpg 1
Carolyn_Dawn_Johnson/Carolyn_Dawn_Johnson_0002.jpg Carolyn_Dawn_Johnson/Carolyn_Dawn_Johnson_0003.jpg 1
Celine_Dion/Celine_Dion_0003.jpg Celine_Dion/Celine_Dion_0008.jpg 1
Chakib_Khelil/Chakib_Khelil_0001.jpg Chakib_Khelil/Chakib_Khelil_0002.jpg 1
Chen_Shui-bian/Chen_Shui-bian_0002.jpg Chen_Shui-bian/Chen_Shui-bian_0004.jpg 1
Chen_Shui-bian/Chen_Shui-bian_0003.jpg Chen_Shui-bian/Chen_Shui-bian_0005.jpg 1
Christopher_Walken/Christopher_Walken_0001.jpg Christopher_Walken/Christopher_Walken_0003.jpg 1
Christopher_Walken/Christopher_Walken_0001.jpg Christopher_Walken/Christopher_Walken_0004.jpg 1
Claudia_Pechstein/Claudia_Pechstein_0001.jpg Claudia_Pechstein/Claudia_Pechstein_0002.jpg 1
Claudia_Pechstein/Claudia_Pechstein_0001.jpg Claudia_Pechstein/Claudia_Pechstein_0004.jpg 1
Claudia_Pechstein/Claudia_Pechstein_0003.jpg Claudia_Pechstein/Claudia_Pechstein_0004.jpg 1
Claudia_Pechstein/Claudia_Pechstein_0003.jpg Claudia_Pechstein/Claudia_Pechstein_0005.jpg 1
Claudia_Pechstein/Claudia_Pechstein_0004.jpg Claudia_Pechstein/Claudia_Pechstein_0005.jpg 1
Clay_Aiken/Clay_Aiken_0002.jpg Clay_Aiken/Clay_Aiken_0004.jpg 1
Clay_Aiken/Clay_Aiken_0003.jpg Clay_Aiken/Clay_Aiken_0004.jpg 1
Clay_Aiken/Clay_Aiken_0003.jpg Clay_Aiken/Clay_Aiken_0005.jpg 1
Colin_Powell/Colin_Powell_0040.jpg Colin_Powell/Colin_Powell_0071.jpg 1
Colin_Powell/Colin_Powell_0049.jpg Colin_Powell/Colin_Powell_0234.jpg 1
Colin_Powell/Colin_Powell_0133.jpg Colin_Powell/Colin_Powell_0170.jpg 1
Colin_Powell/Colin_Powell_0182.jpg Colin_Powell/Colin_Powell_0198.jpg 1
Cristina_Fernandez/Cristina_Fernandez_0001.jpg Cristina_Fernandez/Cristina_Fernandez_0002.jpg 1
Daisy_Fuentes/Daisy_Fuentes_0002.jpg Daisy_Fuentes/Daisy_Fuentes_0003.jpg 1
Damon_van_Dam/Damon_van_Dam_0001.jpg Damon_van_Dam/Damon_van_Dam_0002.jpg 1
Dan_Wheldon/Dan_Wheldon_0001.jpg Dan_Wheldon/Dan_Wheldon_0002.jpg 1
David_Coulthard/David_Coulthard_0001.jpg David_Coulthard/David_Coulthard_0002.jpg 1
David_Kelley/David_Kelley_0001.jpg David_Kelley/David_Kelley_0002.jpg 1
Debra_Brown/Debra_Brown_0001.jpg Debra_Brown/Debra_Brown_0002.jpg 1
Dennis_Erickson/Dennis_Erickson_0001.jpg Dennis_Erickson/Dennis_Erickson_0002.jpg 1
Derek_Lowe/Derek_Lowe_0001.jpg Derek_Lowe/Derek_Lowe_0002.jpg 1
Eddie_Sutton/Eddie_Sutton_0001.jpg Eddie_Sutton/Eddie_Sutton_0002.jpg 1
Edie_Falco/Edie_Falco_0001.jpg Edie_Falco/Edie_Falco_0002.jpg 1
Elijah_Wood/Elijah_Wood_0002.jpg Elijah_Wood/Elijah_Wood_0003.jpg 1
Elizabeth_Hurley/Elizabeth_Hurley_0001.jpg Elizabeth_Hurley/Elizabeth_Hurley_0004.jpg 1
Elizabeth_Hurley/Elizabeth_Hurley_0002.jpg Elizabeth_Hurley/Elizabeth_Hurley_0005.jpg 1
Emily_Robison/Emily_Robison_0001.jpg Emily_Robison/Emily_Robison_0002.jpg 1
Ethan_Hawke/Ethan_Hawke_0001.jpg Ethan_Hawke/Ethan_Hawke_0004.jpg 1
Eunice_Barber/Eunice_Barber_0001.jpg Eunice_Barber/Eunice_Barber_0002.jpg 1
Felix_Mantilla/Felix_Mantilla_0001.jpg Felix_Mantilla/Felix_Mantilla_0002.jpg 1
Fidel_Castro/Fidel_Castro_0001.jpg Fidel_Castro/Fidel_Castro_0018.jpg 1
Fidel_Castro/Fidel_Castro_0003.jpg Fidel_Castro/Fidel_Castro_0007.jpg 1
Fidel_Castro/Fidel_Castro_0005.jpg Fidel_Castro/Fidel_Castro_0008.jpg 1
Fidel_Castro/Fidel_Castro_0008.jpg Fidel_Castro/Fidel_Castro_0012.jpg 1
Fidel_Castro/Fidel_Castro_0011.jpg Fidel_Castro/Fidel_Castro_0013.jpg 1
Francisco_Flores/Francisco_Flores_0001.jpg Francisco_Flores/Francisco_Flores_0002.jpg 1
Francisco_Flores/Francisco_Flores_0001.jpg Francisco_Flores/Francisco_Flores_0003.jpg 1
Frank_Dunham_Jr/Frank_Dunham_Jr_0001.jpg Frank_Dunham_Jr/Frank_Dunham_Jr_0002.jpg 1
Franko_Simatovic/Franko_Simatovic_0001.jpg Franko_Simatovic/Franko_Simatovic_0002.jpg 1
Fred_Eckhard/Fred_Eckhard_0001.jpg Fred_Eckhard/Fred_Eckhard_0002.jpg 1
Fred_Eckhard/Fred_Eckhard_0001.jpg Fred_Eckhard/Fred_Eckhard_0003.jpg 1
Fred_Eckhard/Fred_Eckhard_0002.jpg Fred_Eckhard/Fred_Eckhard_0003.jpg 1
GL_Peiris/GL_Peiris_0001.jpg GL_Peiris/GL_Peiris_0002.jpg 1
GL_Peiris/GL_Peiris_0001.jpg GL_Peiris/GL_Peiris_0003.jpg 1
GL_Peiris/GL_Peiris_0002.jpg GL_Peiris/GL_Peiris_0003.jpg 1
GL_Peiris/GL_Peiris_0002.jpg GL_Peiris/GL_Peiris_0004.jpg 1
Garry_Kasparov/Garry_Kasparov_0001.jpg Garry_Kasparov/Garry_Kasparov_0002.jpg 1
Hassan_Nasrallah/Hassan_Nasrallah_0001.jpg Hassan_Nasrallah/Hassan_Nasrallah_0002.jpg 1
Heidi_Klum/Heidi_Klum_0001.jpg Heidi_Klum/Heidi_Klum_0003.jpg 1
Heidi_Klum/Heidi_Klum_0001.jpg Heidi_Klum/Heidi_Klum_0004.jpg 1
Heidi_Klum/Heidi_Klum_0002.jpg Heidi_Klum/Heidi_Klum_0004.jpg 1
Heidi_Klum/Heidi_Klum_0003.jpg Heidi_Klum/Heidi_Klum_0004.jpg 1
Heinz_Feldmann/Heinz_Feldmann_0001.jpg Heinz_Feldmann/Heinz_Feldmann_0002.jpg 1
Heinz_Feldmann/Heinz_Feldmann_0002.jpg Heinz_Feldmann/Heinz_Feldmann_0003.jpg 1
Iban_Mayo/Iban_Mayo_0001.jpg Iban_Mayo/Iban_Mayo_0002.jpg 1
Imad_Moustapha/Imad_Moustapha_0001.jpg Imad_Moustapha/Imad_Moustapha_0002.jpg 1
Inam-ul-Haq/Inam-ul-Haq_0001.jpg Inam-ul-Haq/Inam-ul-Haq_0002.jpg 1
James_Gandolfini/James_Gandolfini_0001.jpg James_Gandolfini/James_Gandolfini_0003.jpg 1
James_Gandolfini/James_Gandolfini_0002.jpg James_Gandolfini/James_Gandolfini_0003.jpg 1
Janet_Thorpe/Janet_Thorpe_0001.jpg Janet_Thorpe/Janet_Thorpe_0002.jpg 1
Jean-Pierre_Raffarin/Jean-Pierre_Raffarin_0001.jpg Jean-Pierre_Raffarin/Jean-Pierre_Raffarin_0002.jpg 1
Jean-Pierre_Raffarin/Jean-Pierre_Raffarin_0001.jpg Jean-Pierre_Raffarin/Jean-Pierre_Raffarin_0006.jpg 1
Jean-Pierre_Raffarin/Jean-Pierre_Raffarin_0003.jpg Jean-Pierre_Raffarin/Jean-Pierre_Raffarin_0004.jpg 1
Jean-Pierre_Raffarin/Jean-Pierre_Raffarin_0003.jpg Jean-Pierre_Raffarin/Jean-Pierre_Raffarin_0005.jpg 1
Jean-Pierre_Raffarin/Jean-Pierre_Raffarin_0004.jpg Jean-Pierre_Raffarin/Jean-Pierre_Raffarin_0007.jpg 1
Jean-Pierre_Raffarin/Jean-Pierre_Raffarin_0005.jpg Jean-Pierre_Raffarin/Jean-Pierre_Raffarin_0007.jpg 1
Jean-Pierre_Raffarin/Jean-Pierre_Raffarin_0006.jpg Jean-Pierre_Raffarin/Jean-Pierre_Raffarin_0007.jpg 1
Jeffrey_Scott_Postell/Jeffrey_Scott_Postell_0001.jpg Jeffrey_Scott_Postell/Jeffrey_Scott_Postell_0002.jpg 1
Jennifer_Capriati/Jennifer_Capriati_0002.jpg Jennifer_Capriati/Jennifer_Capriati_0014.jpg 1
Jennifer_Capriati/Jennifer_Capriati_0007.jpg Jennifer_Capriati/Jennifer_Capriati_0032.jpg 1
Jennifer_Capriati/Jennifer_Capriati_0033.jpg Jennifer_Capriati/Jennifer_Capriati_0042.jpg 1
Job_Cohen/Job_Cohen_0001.jpg Job_Cohen/Job_Cohen_0002.jpg 1
John_McCormack/John_McCormack_0001.jpg John_McCormack/John_McCormack_0002.jpg 1
John_Paul_II/John_Paul_II_0001.jpg John_Paul_II/John_Paul_II_0004.jpg 1
John_Paul_II/John_Paul_II_0002.jpg John_Paul_II/John_Paul_II_0005.jpg 1
John_Paul_II/John_Paul_II_0002.jpg John_Paul_II/John_Paul_II_0008.jpg 1
John_Paul_II/John_Paul_II_0004.jpg John_Paul_II/John_Paul_II_0009.jpg 1
John_Paul_II/John_Paul_II_0010.jpg John_Paul_II/John_Paul_II_0011.jpg 1
John_Ruiz/John_Ruiz_0001.jpg John_Ruiz/John_Ruiz_0002.jpg 1
John_Stallworth/John_Stallworth_0001.jpg John_Stallworth/John_Stallworth_0002.jpg 1
John_Stockton/John_Stockton_0002.jpg John_Stockton/John_Stockton_0004.jpg 1
John_Travolta/John_Travolta_0002.jpg John_Travolta/John_Travolta_0006.jpg 1
John_Travolta/John_Travolta_0003.jpg John_Travolta/John_Travolta_0005.jpg 1
John_Travolta/John_Travolta_0005.jpg John_Travolta/John_Travolta_0007.jpg 1
Jonathan_Mostow/Jonathan_Mostow_0001.jpg Jonathan_Mostow/Jonathan_Mostow_0002.jpg 1
Jorge_Arce/Jorge_Arce_0001.jpg Jorge_Arce/Jorge_Arce_0002.jpg 1
Joschka_Fischer/Joschka_Fischer_0001.jpg Joschka_Fischer/Joschka_Fischer_0010.jpg 1
Joschka_Fischer/Joschka_Fischer_0006.jpg Joschka_Fischer/Joschka_Fischer_0011.jpg 1
Joschka_Fischer/Joschka_Fischer_0007.jpg Joschka_Fischer/Joschka_Fischer_0011.jpg 1
Joschka_Fischer/Joschka_Fischer_0011.jpg Joschka_Fischer/Joschka_Fischer_0017.jpg 1
Joschka_Fischer/Joschka_Fischer_0015.jpg Joschka_Fischer/Joschka_Fischer_0016.jpg 1
Jose_Canseco/Jose_Canseco_0001.jpg Jose_Canseco/Jose_Canseco_0003.jpg 1
Juan_Manuel_Marquez/Juan_Manuel_Marquez_0001.jpg Juan_Manuel_Marquez/Juan_Manuel_Marquez_0002.jpg 1
Juan_Manuel_Marquez/Juan_Manuel_Marquez_0001.jpg Juan_Manuel_Marquez/Juan_Manuel_Marquez_0003.jpg 1
Juan_Manuel_Marquez/Juan_Manuel_Marquez_0002.jpg Juan_Manuel_Marquez/Juan_Manuel_Marquez_0003.jpg 1
Juan_Valencia_Osorio/Juan_Valencia_Osorio_0001.jpg Juan_Valencia_Osorio/Juan_Valencia_Osorio_0002.jpg 1
Julie_Gerberding/Julie_Gerberding_0009.jpg Julie_Gerberding/Julie_Gerberding_0013.jpg 1
Julie_Gerberding/Julie_Gerberding_0012.jpg Julie_Gerberding/Julie_Gerberding_0015.jpg 1
Kate_Hudson/Kate_Hudson_0001.jpg Kate_Hudson/Kate_Hudson_0004.jpg 1
Kate_Hudson/Kate_Hudson_0001.jpg Kate_Hudson/Kate_Hudson_0008.jpg 1
Kate_Hudson/Kate_Hudson_0002.jpg Kate_Hudson/Kate_Hudson_0003.jpg 1
Kate_Hudson/Kate_Hudson_0004.jpg Kate_Hudson/Kate_Hudson_0009.jpg 1
Kate_Hudson/Kate_Hudson_0006.jpg Kate_Hudson/Kate_Hudson_0007.jpg 1
Kemal_Dervis/Kemal_Dervis_0001.jpg Kemal_Dervis/Kemal_Dervis_0003.jpg 1
Kemal_Dervis/Kemal_Dervis_0002.jpg Kemal_Dervis/Kemal_Dervis_0003.jpg 1
Kenneth_Evans/Kenneth_Evans_0001.jpg Kenneth_Evans/Kenneth_Evans_0002.jpg 1
Kifah_Ajouri/Kifah_Ajouri_0001.jpg Kifah_Ajouri/Kifah_Ajouri_0002.jpg 1
Larry_Lucchino/Larry_Lucchino_0001.jpg Larry_Lucchino/Larry_Lucchino_0002.jpg 1
Latrell_Sprewell/Latrell_Sprewell_0001.jpg Latrell_Sprewell/Latrell_Sprewell_0002.jpg 1
Lech_Walesa/Lech_Walesa_0001.jpg Lech_Walesa/Lech_Walesa_0002.jpg 1
Lee_Tae-sik/Lee_Tae-sik_0001.jpg Lee_Tae-sik/Lee_Tae-sik_0002.jpg 1
Lisa_Marie_Presley/Lisa_Marie_Presley_0001.jpg Lisa_Marie_Presley/Lisa_Marie_Presley_0003.jpg 1
Liza_Minnelli/Liza_Minnelli_0002.jpg Liza_Minnelli/Liza_Minnelli_0003.jpg 1
Liza_Minnelli/Liza_Minnelli_0003.jpg Liza_Minnelli/Liza_Minnelli_0004.jpg 1
Liza_Minnelli/Liza_Minnelli_0003.jpg Liza_Minnelli/Liza_Minnelli_0006.jpg 1
Liza_Minnelli/Liza_Minnelli_0004.jpg Liza_Minnelli/Liza_Minnelli_0005.jpg 1
Liza_Minnelli/Liza_Minnelli_0005.jpg Liza_Minnelli/Liza_Minnelli_0006.jpg 1
Liza_Minnelli/Liza_Minnelli_0006.jpg Liza_Minnelli/Liza_Minnelli_0007.jpg 1
Madonna/Madonna_0001.jpg Madonna/Madonna_0004.jpg 1
Madonna/Madonna_0002.jpg Madonna/Madonna_0003.jpg 1
Madonna/Madonna_0004.jpg Madonna/Madonna_0005.jpg 1
Mariah_Carey/Mariah_Carey_0003.jpg Mariah_Carey/Mariah_Carey_0006.jpg 1
Mary_Tyler_Moore/Mary_Tyler_Moore_0001.jpg Mary_Tyler_Moore/Mary_Tyler_Moore_0002.jpg 1
Mathias_Reichhold/Mathias_Reichhold_0001.jpg Mathias_Reichhold/Mathias_Reichhold_0002.jpg 1
Matt_Damon/Matt_Damon_0001.jpg Matt_Damon/Matt_Damon_0002.jpg 1
Matt_Damon/Matt_Damon_0001.jpg Matt_Damon/Matt_Damon_0003.jpg 1
Matt_Damon/Matt_Damon_0002.jpg Matt_Damon/Matt_Damon_0004.jpg 1
Matt_Damon/Matt_Damon_0003.jpg Matt_Damon/Matt_Damon_0004.jpg 1
Maureen_Fanning/Maureen_Fanning_0001.jpg Maureen_Fanning/Maureen_Fanning_0002.jpg 1
Melanie_Griffith/Melanie_Griffith_0001.jpg Melanie_Griffith/Melanie_Griffith_0002.jpg 1
Melanie_Griffith/Melanie_Griffith_0001.jpg Melanie_Griffith/Melanie_Griffith_0003.jpg 1
Melanie_Griffith/Melanie_Griffith_0002.jpg Melanie_Griffith/Melanie_Griffith_0003.jpg 1
Michael_Ballack/Michael_Ballack_0001.jpg Michael_Ballack/Michael_Ballack_0002.jpg 1
Michael_Winterbottom/Michael_Winterbottom_0001.jpg Michael_Winterbottom/Michael_Winterbottom_0003.jpg 1
Michael_Winterbottom/Michael_Winterbottom_0002.jpg Michael_Winterbottom/Michael_Winterbottom_0003.jpg 1
Michelle_Collins/Michelle_Collins_0001.jpg Michelle_Collins/Michelle_Collins_0002.jpg 1
Milo_Maestrecampo/Milo_Maestrecampo_0001.jpg Milo_Maestrecampo/Milo_Maestrecampo_0002.jpg 1
Mohamed_Benaissa/Mohamed_Benaissa_0001.jpg Mohamed_Benaissa/Mohamed_Benaissa_0002.jpg 1
Mohamed_ElBaradei/Mohamed_ElBaradei_0002.jpg Mohamed_ElBaradei/Mohamed_ElBaradei_0004.jpg 1
Mohamed_ElBaradei/Mohamed_ElBaradei_0003.jpg Mohamed_ElBaradei/Mohamed_ElBaradei_0008.jpg 1
Morgan_Freeman/Morgan_Freeman_0001.jpg Morgan_Freeman/Morgan_Freeman_0002.jpg 1
Muhammad_Ali/Muhammad_Ali_0001.jpg Muhammad_Ali/Muhammad_Ali_0003.jpg 1
Muhammad_Ali/Muhammad_Ali_0001.jpg Muhammad_Ali/Muhammad_Ali_0007.jpg 1
Muhammad_Ali/Muhammad_Ali_0002.jpg Muhammad_Ali/Muhammad_Ali_0005.jpg 1
Muhammad_Ali/Muhammad_Ali_0006.jpg Muhammad_Ali/Muhammad_Ali_0010.jpg 1
Muhammad_Ali/Muhammad_Ali_0007.jpg Muhammad_Ali/Muhammad_Ali_0009.jpg 1
Mukesh_Ambani/Mukesh_Ambani_0001.jpg Mukesh_Ambani/Mukesh_Ambani_0002.jpg 1
Mukesh_Ambani/Mukesh_Ambani_0001.jpg Mukesh_Ambani/Mukesh_Ambani_0003.jpg 1
Paris_Hilton/Paris_Hilton_0001.jpg Paris_Hilton/Paris_Hilton_0002.jpg 1
Pat_Cox/Pat_Cox_0001.jpg Pat_Cox/Pat_Cox_0002.jpg 1
Paul_Burrell/Paul_Burrell_0003.jpg Paul_Burrell/Paul_Burrell_0007.jpg 1
Paul_Burrell/Paul_Burrell_0005.jpg Paul_Burrell/Paul_Burrell_0011.jpg 1
Paul_Burrell/Paul_Burrell_0008.jpg Paul_Burrell/Paul_Burrell_0010.jpg 1
Paul_Wolfowitz/Paul_Wolfowitz_0008.jpg Paul_Wolfowitz/Paul_Wolfowitz_0010.jpg 1
Paula_Radcliffe/Paula_Radcliffe_0001.jpg Paula_Radcliffe/Paula_Radcliffe_0002.jpg 1
Paula_Radcliffe/Paula_Radcliffe_0001.jpg Paula_Radcliffe/Paula_Radcliffe_0003.jpg 1
Paula_Radcliffe/Paula_Radcliffe_0002.jpg Paula_Radcliffe/Paula_Radcliffe_0003.jpg 1
Paula_Radcliffe/Paula_Radcliffe_0002.jpg Paula_Radcliffe/Paula_Radcliffe_0004.jpg 1
Paula_Radcliffe/Paula_Radcliffe_0003.jpg Paula_Radcliffe/Paula_Radcliffe_0004.jpg 1
Paula_Radcliffe/Paula_Radcliffe_0003.jpg Paula_Radcliffe/Paula_Radcliffe_0005.jpg 1
Paula_Radcliffe/Paula_Radcliffe_0004.jpg Paula_Radcliffe/Paula_Radcliffe_0005.jpg 1
Paulo_Cesar_Pinheiro/Paulo_Cesar_Pinheiro_0001.jpg Paulo_Cesar_Pinheiro/Paulo_Cesar_Pinheiro_0002.jpg 1
Pedro_Solbes/Pedro_Solbes_0001.jpg Pedro_Solbes/Pedro_Solbes_0003.jpg 1
Pedro_Solbes/Pedro_Solbes_0001.jpg Pedro_Solbes/Pedro_Solbes_0004.jpg 1
Pedro_Solbes/Pedro_Solbes_0002.jpg Pedro_Solbes/Pedro_Solbes_0003.jpg 1
Pedro_Solbes/Pedro_Solbes_0003.jpg Pedro_Solbes/Pedro_Solbes_0004.jpg 1
Pete_Carroll/Pete_Carroll_0001.jpg Pete_Carroll/Pete_Carroll_0002.jpg 1
Pete_Carroll/Pete_Carroll_0001.jpg Pete_Carroll/Pete_Carroll_0003.jpg 1
Pete_Carroll/Pete_Carroll_0002.jpg Pete_Carroll/Pete_Carroll_0003.jpg 1
Pete_Sampras/Pete_Sampras_0002.jpg Pete_Sampras/Pete_Sampras_0012.jpg 1
Pete_Sampras/Pete_Sampras_0002.jpg Pete_Sampras/Pete_Sampras_0013.jpg 1
Pete_Sampras/Pete_Sampras_0003.jpg Pete_Sampras/Pete_Sampras_0015.jpg 1
Pete_Sampras/Pete_Sampras_0004.jpg Pete_Sampras/Pete_Sampras_0020.jpg 1
Pete_Sampras/Pete_Sampras_0006.jpg Pete_Sampras/Pete_Sampras_0007.jpg 1
Pete_Sampras/Pete_Sampras_0006.jpg Pete_Sampras/Pete_Sampras_0008.jpg 1
Pete_Sampras/Pete_Sampras_0010.jpg Pete_Sampras/Pete_Sampras_0013.jpg 1
Pete_Sampras/Pete_Sampras_0012.jpg Pete_Sampras/Pete_Sampras_0015.jpg 1
Peter_Struck/Peter_Struck_0001.jpg Peter_Struck/Peter_Struck_0005.jpg 1
Peter_Struck/Peter_Struck_0002.jpg Peter_Struck/Peter_Struck_0005.jpg 1
Phil_Vassar/Phil_Vassar_0001.jpg Phil_Vassar/Phil_Vassar_0002.jpg 1
Pierre_Boulanger/Pierre_Boulanger_0001.jpg Pierre_Boulanger/Pierre_Boulanger_0002.jpg 1
Prince_Willem-Alexander/Prince_Willem-Alexander_0001.jpg Prince_Willem-Alexander/Prince_Willem-Alexander_0002.jpg 1
Prince_Willem-Alexander/Prince_Willem-Alexander_0001.jpg Prince_Willem-Alexander/Prince_Willem-Alexander_0003.jpg 1
Prince_Willem-Alexander/Prince_Willem-Alexander_0002.jpg Prince_Willem-Alexander/Prince_Willem-Alexander_0003.jpg 1
Queen_Elizabeth_II/Queen_Elizabeth_II_0003.jpg Queen_Elizabeth_II/Queen_Elizabeth_II_0007.jpg 1
Queen_Elizabeth_II/Queen_Elizabeth_II_0009.jpg Queen_Elizabeth_II/Queen_Elizabeth_II_0012.jpg 1
Queen_Elizabeth_II/Queen_Elizabeth_II_0010.jpg Queen_Elizabeth_II/Queen_Elizabeth_II_0011.jpg 1
Queen_Elizabeth_II/Queen_Elizabeth_II_0010.jpg Queen_Elizabeth_II/Queen_Elizabeth_II_0012.jpg 1
Ray_Nagin/Ray_Nagin_0001.jpg Ray_Nagin/Ray_Nagin_0002.jpg 1
Ricardo_Maduro/Ricardo_Maduro_0001.jpg Ricardo_Maduro/Ricardo_Maduro_0002.jpg 1
Richard_Branson/Richard_Branson_0001.jpg Richard_Branson/Richard_Branson_0002.jpg 1
Richard_Virenque/Richard_Virenque_0001.jpg Richard_Virenque/Richard_Virenque_0004.jpg 1
Richard_Virenque/Richard_Virenque_0001.jpg Richard_Virenque/Richard_Virenque_0006.jpg 1
Richard_Virenque/Richard_Virenque_0001.jpg Richard_Virenque/Richard_Virenque_0007.jpg 1
Richard_Virenque/Richard_Virenque_0002.jpg Richard_Virenque/Richard_Virenque_0007.jpg 1
Richard_Virenque/Richard_Virenque_0002.jpg Richard_Virenque/Richard_Virenque_0008.jpg 1
Rick_Carlisle/Rick_Carlisle_0002.jpg Rick_Carlisle/Rick_Carlisle_0004.jpg 1
Rick_Wagoner/Rick_Wagoner_0001.jpg Rick_Wagoner/Rick_Wagoner_0002.jpg 1
Robbie_Williams/Robbie_Williams_0001.jpg Robbie_Williams/Robbie_Williams_0002.jpg 1
Robbie_Williams/Robbie_Williams_0001.jpg Robbie_Williams/Robbie_Williams_0003.jpg 1
Roberto_Carlos/Roberto_Carlos_0002.jpg Roberto_Carlos/Roberto_Carlos_0003.jpg 1
Roberto_Carlos/Roberto_Carlos_0002.jpg Roberto_Carlos/Roberto_Carlos_0004.jpg 1
Roseanne_Barr/Roseanne_Barr_0001.jpg Roseanne_Barr/Roseanne_Barr_0002.jpg 1
Roseanne_Barr/Roseanne_Barr_0002.jpg Roseanne_Barr/Roseanne_Barr_0003.jpg 1
Ruben_Studdard/Ruben_Studdard_0001.jpg Ruben_Studdard/Ruben_Studdard_0002.jpg 1
Sammy_Sosa/Sammy_Sosa_0001.jpg Sammy_Sosa/Sammy_Sosa_0002.jpg 1
Sarah_Jessica_Parker/Sarah_Jessica_Parker_0001.jpg Sarah_Jessica_Parker/Sarah_Jessica_Parker_0003.jpg 1
Sarah_Jessica_Parker/Sarah_Jessica_Parker_0002.jpg Sarah_Jessica_Parker/Sarah_Jessica_Parker_0004.jpg 1
Sarah_Jessica_Parker/Sarah_Jessica_Parker_0003.jpg Sarah_Jessica_Parker/Sarah_Jessica_Parker_0004.jpg 1
Sharon_Davis/Sharon_Davis_0001.jpg Sharon_Davis/Sharon_Davis_0002.jpg 1
Shaul_Mofaz/Shaul_Mofaz_0001.jpg Shaul_Mofaz/Shaul_Mofaz_0002.jpg 1
Shaul_Mofaz/Shaul_Mofaz_0002.jpg Shaul_Mofaz/Shaul_Mofaz_0003.jpg 1
Stan_Heath/Stan_Heath_0001.jpg Stan_Heath/Stan_Heath_0002.jpg 1
Svetlana_Koroleva/Svetlana_Koroleva_0001.jpg Svetlana_Koroleva/Svetlana_Koroleva_0002.jpg 1
Terrell_Suggs/Terrell_Suggs_0001.jpg Terrell_Suggs/Terrell_Suggs_0002.jpg 1
Tim_Henman/Tim_Henman_0002.jpg Tim_Henman/Tim_Henman_0012.jpg 1
Tim_Henman/Tim_Henman_0008.jpg Tim_Henman/Tim_Henman_0019.jpg 1
Tom_Daschle/Tom_Daschle_0007.jpg Tom_Daschle/Tom_Daschle_0008.jpg 1
Tom_Daschle/Tom_Daschle_0015.jpg Tom_Daschle/Tom_Daschle_0021.jpg 1
Tom_Daschle/Tom_Daschle_0015.jpg Tom_Daschle/Tom_Daschle_0022.jpg 1
Tony_Curtis/Tony_Curtis_0001.jpg Tony_Curtis/Tony_Curtis_0002.jpg 1
Valentino_Rossi/Valentino_Rossi_0001.jpg Valentino_Rossi/Valentino_Rossi_0002.jpg 1
Valentino_Rossi/Valentino_Rossi_0002.jpg Valentino_Rossi/Valentino_Rossi_0004.jpg 1
Valentino_Rossi/Valentino_Rossi_0003.jpg Valentino_Rossi/Valentino_Rossi_0006.jpg 1
Valentino_Rossi/Valentino_Rossi_0004.jpg Valentino_Rossi/Valentino_Rossi_0005.jpg 1
Valentino_Rossi/Valentino_Rossi_0005.jpg Valentino_Rossi/Valentino_Rossi_0006.jpg 1
Vanessa_Redgrave/Vanessa_Redgrave_0001.jpg Vanessa_Redgrave/Vanessa_Redgrave_0003.jpg 1
Vanessa_Redgrave/Vanessa_Redgrave_0001.jpg Vanessa_Redgrave/Vanessa_Redgrave_0004.jpg 1
Vanessa_Redgrave/Vanessa_Redgrave_0002.jpg Vanessa_Redgrave/Vanessa_Redgrave_0005.jpg 1
Vanessa_Redgrave/Vanessa_Redgrave_0003.jpg Vanessa_Redgrave/Vanessa_Redgrave_0004.jpg 1
Victoria_Clarke/Victoria_Clarke_0001.jpg Victoria_Clarke/Victoria_Clarke_0005.jpg 1
Vladimiro_Montesinos/Vladimiro_Montesinos_0001.jpg Vladimiro_Montesinos/Vladimiro_Montesinos_0002.jpg 1
Vladimiro_Montesinos/Vladimiro_Montesinos_0001.jpg Vladimiro_Montesinos/Vladimiro_Montesinos_0003.jpg 1
Vladimiro_Montesinos/Vladimiro_Montesinos_0002.jpg Vladimiro_Montesinos/Vladimiro_Montesinos_0003.jpg 1
Wayne_Ferreira/Wayne_Ferreira_0001.jpg Wayne_Ferreira/Wayne_Ferreira_0002.jpg 1
Wayne_Ferreira/Wayne_Ferreira_0001.jpg Wayne_Ferreira/Wayne_Ferreira_0003.jpg 1
Wayne_Ferreira/Wayne_Ferreira_0001.jpg Wayne_Ferreira/Wayne_Ferreira_0005.jpg 1
Wayne_Ferreira/Wayne_Ferreira_0002.jpg Wayne_Ferreira/Wayne_Ferreira_0005.jpg 1
Wayne_Ferreira/Wayne_Ferreira_0003.jpg Wayne_Ferreira/Wayne_Ferreira_0004.jpg 1
Will_Smith/Will_Smith_0001.jpg Will_Smith/Will_Smith_0002.jpg 1
Yasser_Arafat/Yasser_Arafat_0001.jpg Yasser_Arafat/Yasser_Arafat_0006.jpg 1
Yasser_Arafat/Yasser_Arafat_0001.jpg Yasser_Arafat/Yasser_Arafat_0008.jpg 1
Yasser_Arafat/Yasser_Arafat_0002.jpg Yasser_Arafat/Yasser_Arafat_0003.jpg 1
Yasser_Arafat/Yasser_Arafat_0002.jpg Yasser_Arafat/Yasser_Arafat_0005.jpg 1
Yasser_Arafat/Yasser_Arafat_0003.jpg Yasser_Arafat/Yasser_Arafat_0004.jpg 1
Yasser_Arafat/Yasser_Arafat_0003.jpg Yasser_Arafat/Yasser_Arafat_0008.jpg 1
Yasser_Arafat/Yasser_Arafat_0004.jpg Yasser_Arafat/Yasser_Arafat_0005.jpg 1
Yasser_Arafat/Yasser_Arafat_0005.jpg Yasser_Arafat/Yasser_Arafat_0008.jpg 1
Yuri_Fedotov/Yuri_Fedotov_0001.jpg Yuri_Fedotov/Yuri_Fedotov_0002.jpg 1
Zoran_Djindjic/Zoran_Djindjic_0001.jpg Zoran_Djindjic/Zoran_Djindjic_0003.jpg 1
Zoran_Djindjic/Zoran_Djindjic_0001.jpg Zoran_Djindjic/Zoran_Djindjic_0004.jpg 1
Aaron_Patterson/Aaron_Patterson_0001.jpg Frank_Bell/Frank_Bell_0001.jpg 0
Abdoulaye_Wade/Abdoulaye_Wade_0004.jpg Bruce_Weber/Bruce_Weber_0002.jpg 0
Abner_Martinez/Abner_Martinez_0001.jpg Carlos_Alberto/Carlos_Alberto_0001.jpg 0
Adam_Sandler/Adam_Sandler_0002.jpg Matthew_Ouimet/Matthew_Ouimet_0001.jpg 0
Adam_Sandler/Adam_Sandler_0003.jpg Saeed_Anwar/Saeed_Anwar_0001.jpg 0
Adolfo_Aguilar_Zinser/Adolfo_Aguilar_Zinser_0003.jpg Jaime_Pressly/Jaime_Pressly_0001.jpg 0
Agnelo_Queiroz/Agnelo_Queiroz_0001.jpg Aung_San_Suu_Kyi/Aung_San_Suu_Kyi_0002.jpg 0
Agnelo_Queiroz/Agnelo_Queiroz_0001.jpg Dave_Barr/Dave_Barr_0001.jpg 0
Aicha_El_Ouafi/Aicha_El_Ouafi_0003.jpg Michael_Lechner/Michael_Lechner_0001.jpg 0
Akbar_Hashemi_Rafsanjani/Akbar_Hashemi_Rafsanjani_0001.jpg Larry_Harris/Larry_Harris_0001.jpg 0
Al_Pacino/Al_Pacino_0002.jpg Charles_Cope/Charles_Cope_0001.jpg 0
Alex_Barros/Alex_Barros_0001.jpg Brandon_Jones/Brandon_Jones_0001.jpg 0
Alex_Barros/Alex_Barros_0002.jpg Will_Smith/Will_Smith_0002.jpg 0
Alex_Ferguson/Alex_Ferguson_0001.jpg Rainer_Gut/Rainer_Gut_0001.jpg 0
Alex_Wallau/Alex_Wallau_0001.jpg Shireen_Amir_Begum/Shireen_Amir_Begum_0001.jpg 0
Alexandra_Jackson/Alexandra_Jackson_0001.jpg Larry_Harris/Larry_Harris_0001.jpg 0
Alfonso_Portillo/Alfonso_Portillo_0001.jpg Benito_Santiago/Benito_Santiago_0001.jpg 0
Alfonso_Portillo/Alfonso_Portillo_0001.jpg Faye_Alibocus/Faye_Alibocus_0001.jpg 0
Alfonso_Portillo/Alfonso_Portillo_0001.jpg Fidel_Castro/Fidel_Castro_0017.jpg 0
Ali_Abdullah_Saleh/Ali_Abdullah_Saleh_0001.jpg Khalid_Qazi/Khalid_Qazi_0001.jpg 0
Allan_Houston/Allan_Houston_0001.jpg Andy_Garcia/Andy_Garcia_0001.jpg 0
Allan_Houston/Allan_Houston_0001.jpg Heidi_Klum/Heidi_Klum_0001.jpg 0
Allan_Houston/Allan_Houston_0001.jpg Thomas_Mesereau_Jr/Thomas_Mesereau_Jr_0001.jpg 0
Ally_Sheedy/Ally_Sheedy_0001.jpg Hugh_Carey/Hugh_Carey_0001.jpg 0
Ally_Sheedy/Ally_Sheedy_0001.jpg Myung_Yang/Myung_Yang_0001.jpg 0
Amanda_Marsh/Amanda_Marsh_0001.jpg Tony_Curtis/Tony_Curtis_0002.jpg 0
Anastasia_Myskina/Anastasia_Myskina_0001.jpg Raul_Gonzalez/Raul_Gonzalez_0001.jpg 0
Anastasia_Myskina/Anastasia_Myskina_0003.jpg Len_Jenoff/Len_Jenoff_0002.jpg 0
Andrzej_Tyszkiewicz/Andrzej_Tyszkiewicz_0001.jpg Wes_Craven/Wes_Craven_0001.jpg 0
Andy_Griggs/Andy_Griggs_0001.jpg Lech_Walesa/Lech_Walesa_0002.jpg 0
Andy_Rooney/Andy_Rooney_0001.jpg Jessica_Simpson/Jessica_Simpson_0001.jpg 0
Anna_Nicole_Smith/Anna_Nicole_Smith_0002.jpg Marcus_Garrettson/Marcus_Garrettson_0001.jpg 0
Antonio_Palocci/Antonio_Palocci_0003.jpg Liza_Minnelli/Liza_Minnelli_0001.jpg 0
Antonio_Palocci/Antonio_Palocci_0005.jpg JC_Chasez/JC_Chasez_0001.jpg 0
Antonio_Palocci/Antonio_Palocci_0005.jpg Jose_Woldenberg/Jose_Woldenberg_0001.jpg 0
Antonio_Palocci/Antonio_Palocci_0006.jpg John_Geoghan/John_Geoghan_0001.jpg 0
Antonio_Palocci/Antonio_Palocci_0008.jpg Hans_Corell/Hans_Corell_0001.jpg 0
Arif_Mardin/Arif_Mardin_0001.jpg Eduardo_Fischer/Eduardo_Fischer_0001.jpg 0
Arnaud_Lagardere/Arnaud_Lagardere_0001.jpg Melanie_Griffith/Melanie_Griffith_0003.jpg 0
Ashton_Kutcher/Ashton_Kutcher_0002.jpg Daniel_Barenboim/Daniel_Barenboim_0001.jpg 0
Asif_Hanif/Asif_Hanif_0001.jpg Robbie_Williams/Robbie_Williams_0001.jpg 0
Asmaa_Assad/Asmaa_Assad_0001.jpg Barry_Hinson/Barry_Hinson_0001.jpg 0
Aung_San_Suu_Kyi/Aung_San_Suu_Kyi_0001.jpg Charla_Moye/Charla_Moye_0001.jpg 0
Azmi_Bishara/Azmi_Bishara_0001.jpg Sammy_Sosa/Sammy_Sosa_0002.jpg 0
Barry_Hinson/Barry_Hinson_0001.jpg Nino_DAngelo/Nino_DAngelo_0001.jpg 0
Barry_Zito/Barry_Zito_0002.jpg Chris_Gratton/Chris_Gratton_0001.jpg 0
Bill_Graham/Bill_Graham_0008.jpg Michelle_Hofland/Michelle_Hofland_0001.jpg 0
Bill_Graham/Bill_Graham_0009.jpg Jacqueline_Marris/Jacqueline_Marris_0001.jpg 0
Bill_Readdy/Bill_Readdy_0001.jpg Brendan_Gaughan/Brendan_Gaughan_0001.jpg 0
Bill_Readdy/Bill_Readdy_0001.jpg Jaymon_Crabb/Jaymon_Crabb_0001.jpg 0
Bill_Readdy/Bill_Readdy_0001.jpg Yasser_Arafat/Yasser_Arafat_0003.jpg 0
Billy_Rork/Billy_Rork_0001.jpg Eva_Mendes/Eva_Mendes_0001.jpg 0
Billy_Rork/Billy_Rork_0001.jpg German_Khan/German_Khan_0001.jpg 0
Billy_Rork/Billy_Rork_0001.jpg Peter_Struck/Peter_Struck_0002.jpg 0
Bison_Dele/Bison_Dele_0001.jpg Brian_McIntyre/Brian_McIntyre_0001.jpg 0
Bob_Dole/Bob_Dole_0002.jpg Dai_Chul_Chyung/Dai_Chul_Chyung_0001.jpg 0
Bob_Dole/Bob_Dole_0002.jpg John_Henry/John_Henry_0001.jpg 0
Bob_Dole/Bob_Dole_0003.jpg Chris_Gratton/Chris_Gratton_0001.jpg 0
Bob_Dole/Bob_Dole_0003.jpg Hugh_Carey/Hugh_Carey_0001.jpg 0
Bob_Geldof/Bob_Geldof_0001.jpg Zoran_Djindjic/Zoran_Djindjic_0002.jpg 0
Bob_Geldof/Bob_Geldof_0002.jpg Ed_Wade/Ed_Wade_0001.jpg 0
Bob_Holden/Bob_Holden_0001.jpg Fernando_Leon_de_Aranoa/Fernando_Leon_de_Aranoa_0001.jpg 0
Bob_Iger/Bob_Iger_0001.jpg Edie_Falco/Edie_Falco_0001.jpg 0
Bob_Iger/Bob_Iger_0001.jpg Jean-Claude_Van_Damme/Jean-Claude_Van_Damme_0001.jpg 0
Brian_Clemens/Brian_Clemens_0001.jpg Brian_Meadors/Brian_Meadors_0001.jpg 0
Brian_Clemens/Brian_Clemens_0001.jpg Melanie_Griffith/Melanie_Griffith_0002.jpg 0
Brian_Heidik/Brian_Heidik_0002.jpg Djabir_Said-Guerni/Djabir_Said-Guerni_0001.jpg 0
Brian_McIntyre/Brian_McIntyre_0001.jpg Hans_Corell/Hans_Corell_0001.jpg 0
Brian_McIntyre/Brian_McIntyre_0001.jpg Mohammed_Abulhasan/Mohammed_Abulhasan_0001.jpg 0
Brian_Pavlich/Brian_Pavlich_0001.jpg Ruben_Wolkowyski/Ruben_Wolkowyski_0001.jpg 0
Brook_Robinson/Brook_Robinson_0001.jpg Tom_McClintock/Tom_McClintock_0001.jpg 0
Brooke_Adams/Brooke_Adams_0001.jpg Paula_Prentiss/Paula_Prentiss_0001.jpg 0
Brooke_Gordon/Brooke_Gordon_0001.jpg Joschka_Fischer/Joschka_Fischer_0012.jpg 0
Bruce_Weber/Bruce_Weber_0001.jpg Hal_Sellers/Hal_Sellers_0001.jpg 0
Bryan_Thomas/Bryan_Thomas_0001.jpg Joey_Mantia/Joey_Mantia_0001.jpg 0
Bustam_A_Zedan_Aljanabi/Bustam_A_Zedan_Aljanabi_0001.jpg Kajsa_Bergqvist/Kajsa_Bergqvist_0001.jpg 0
Calvin_Joseph_Coleman/Calvin_Joseph_Coleman_0001.jpg Hassan_Nasrallah/Hassan_Nasrallah_0001.jpg 0
Carla_Sullivan/Carla_Sullivan_0001.jpg Edie_Falco/Edie_Falco_0001.jpg 0
Carlos_Barragan/Carlos_Barragan_0001.jpg Chen_Shui-bian/Chen_Shui-bian_0003.jpg 0
Carlos_Salinas/Carlos_Salinas_0001.jpg Norman_Mailer/Norman_Mailer_0001.jpg 0
Carlos_Salinas/Carlos_Salinas_0001.jpg Sonya_Walger/Sonya_Walger_0001.jpg 0
Carolyn_Dawn_Johnson/Carolyn_Dawn_Johnson_0003.jpg Lydia_Shum/Lydia_Shum_0001.jpg 0
Carolyn_Kuhl/Carolyn_Kuhl_0001.jpg Pierre_Boulanger/Pierre_Boulanger_0001.jpg 0
Celine_Dion/Celine_Dion_0002.jpg John_Stallworth/John_Stallworth_0002.jpg 0
Celine_Dion/Celine_Dion_0005.jpg Linda_Baboolal/Linda_Baboolal_0001.jpg 0
Celine_Dion/Celine_Dion_0005.jpg Tom_Poston/Tom_Poston_0001.jpg 0
Chakib_Khelil/Chakib_Khelil_0002.jpg Chuck_Woolery/Chuck_Woolery_0001.jpg 0
Charla_Moye/Charla_Moye_0001.jpg Patti_Balgojevich/Patti_Balgojevich_0001.jpg 0
Charles_Cope/Charles_Cope_0001.jpg Garry_Alejano/Garry_Alejano_0001.jpg 0
Charles_Holzner/Charles_Holzner_0001.jpg Eurico_Guterres/Eurico_Guterres_0001.jpg 0
Charles_Holzner/Charles_Holzner_0001.jpg Greg_Kinnear/Greg_Kinnear_0001.jpg 0
Chen_Shui-bian/Chen_Shui-bian_0003.jpg Gaston_Gaudio/Gaston_Gaudio_0001.jpg 0
Chris_Gratton/Chris_Gratton_0001.jpg Mario_Vasquez_Rana/Mario_Vasquez_Rana_0001.jpg 0
Chris_Kolanas/Chris_Kolanas_0001.jpg Joshua_Gracin/Joshua_Gracin_0001.jpg 0
Claudia_Pechstein/Claudia_Pechstein_0002.jpg Mireille_Jospin-Dandieu/Mireille_Jospin-Dandieu_0001.jpg 0
Clay_Aiken/Clay_Aiken_0001.jpg Svetlana_Koroleva/Svetlana_Koroleva_0001.jpg 0
Colin_Powell/Colin_Powell_0095.jpg Frank_Hsieh/Frank_Hsieh_0001.jpg 0
Craig_David/Craig_David_0001.jpg Tom_McClintock/Tom_McClintock_0001.jpg 0
Craig_Wilson/Craig_Wilson_0001.jpg Kajsa_Bergqvist/Kajsa_Bergqvist_0001.jpg 0
Cristina_Fernandez/Cristina_Fernandez_0002.jpg Stephen_Cooper/Stephen_Cooper_0001.jpg 0
Curtis_Joseph/Curtis_Joseph_0001.jpg Terrell_Suggs/Terrell_Suggs_0002.jpg 0
Cynthia_Rowley/Cynthia_Rowley_0001.jpg Michael_Friedman/Michael_Friedman_0001.jpg 0
Damon_van_Dam/Damon_van_Dam_0002.jpg Jason_Sorens/Jason_Sorens_0001.jpg 0
Daniel_Barenboim/Daniel_Barenboim_0001.jpg Tyler_Grillo/Tyler_Grillo_0001.jpg 0
Daniel_Bruehl/Daniel_Bruehl_0001.jpg Gus_Frerotte/Gus_Frerotte_0001.jpg 0
Daniel_Bruehl/Daniel_Bruehl_0001.jpg Max_Mosley/Max_Mosley_0001.jpg 0
Daniel_Bruehl/Daniel_Bruehl_0001.jpg Ramon_Cardenas/Ramon_Cardenas_0001.jpg 0
Daniele_Bergamin/Daniele_Bergamin_0001.jpg Kenneth_Evans/Kenneth_Evans_0001.jpg 0
Danielle_Spencer/Danielle_Spencer_0001.jpg Rachel_Wheatley/Rachel_Wheatley_0001.jpg 0
Darcy_Regier/Darcy_Regier_0001.jpg William_Hurt/William_Hurt_0001.jpg 0
Dave_Matthews/Dave_Matthews_0001.jpg Linda_Dano/Linda_Dano_0001.jpg 0
Dave_Matthews/Dave_Matthews_0001.jpg Paul_Burrell/Paul_Burrell_0007.jpg 0
Dave_McNealey/Dave_McNealey_0001.jpg Gerald_Riley/Gerald_Riley_0001.jpg 0
David_Bisbal/David_Bisbal_0001.jpg Terri_Clark/Terri_Clark_0001.jpg 0
David_Chase/David_Chase_0001.jpg Ekaterina_Dmitriev/Ekaterina_Dmitriev_0001.jpg 0
David_McCullough/David_McCullough_0001.jpg Evo_Morales/Evo_Morales_0001.jpg 0
David_McKiernan/David_McKiernan_0001.jpg Fernando_Leon_de_Aranoa/Fernando_Leon_de_Aranoa_0001.jpg 0
David_McKiernan/David_McKiernan_0001.jpg Jane_Leeves/Jane_Leeves_0001.jpg 0
Dennis_Erickson/Dennis_Erickson_0002.jpg Hisham_Halawi/Hisham_Halawi_0001.jpg 0
Dennis_Erickson/Dennis_Erickson_0002.jpg Noer_Muis/Noer_Muis_0001.jpg 0
Derek_Lowe/Derek_Lowe_0002.jpg Hisham_Halawi/Hisham_Halawi_0001.jpg 0
Derek_Lowe/Derek_Lowe_0002.jpg Madonna/Madonna_0001.jpg 0
Derek_Lowe/Derek_Lowe_0002.jpg Mohamed_Benaissa/Mohamed_Benaissa_0001.jpg 0
Diego_Colorado/Diego_Colorado_0001.jpg Jason_Sorens/Jason_Sorens_0001.jpg 0
Diego_Colorado/Diego_Colorado_0001.jpg John_Gordnick/John_Gordnick_0001.jpg 0
Diego_Diego_Lerman/Diego_Diego_Lerman_0001.jpg Francisco_Flores/Francisco_Flores_0002.jpg 0
Diego_Diego_Lerman/Diego_Diego_Lerman_0001.jpg Lesley_Coppin/Lesley_Coppin_0001.jpg 0
Djabir_Said-Guerni/Djabir_Said-Guerni_0001.jpg Paul_Tracy/Paul_Tracy_0001.jpg 0
Djabir_Said-Guerni/Djabir_Said-Guerni_0001.jpg Pedro_Solbes/Pedro_Solbes_0003.jpg 0
Dominik_Hrbaty/Dominik_Hrbaty_0001.jpg Toshi_Izawa/Toshi_Izawa_0001.jpg 0
Donald_Keck/Donald_Keck_0001.jpg Kyoko_Nakayama/Kyoko_Nakayama_0001.jpg 0
Donald_Keck/Donald_Keck_0001.jpg Tom_Poston/Tom_Poston_0001.jpg 0
Donna_Walker/Donna_Walker_0001.jpg Jacqueline_Marris/Jacqueline_Marris_0001.jpg 0
Dragan_Covic/Dragan_Covic_0001.jpg Todd_Reid/Todd_Reid_0001.jpg 0
Dudley_Rogers/Dudley_Rogers_0001.jpg Syed_Ibrahim/Syed_Ibrahim_0001.jpg 0
Dunn_Lampton/Dunn_Lampton_0001.jpg Jessica_Simpson/Jessica_Simpson_0001.jpg 0
Dustin_Hoffman/Dustin_Hoffman_0001.jpg Nicole_Parker/Nicole_Parker_0001.jpg 0
Ed_Wade/Ed_Wade_0001.jpg Roger_Staubach/Roger_Staubach_0001.jpg 0
Ed_Wade/Ed_Wade_0001.jpg Terri_Clark/Terri_Clark_0001.jpg 0
Eddie_Lucio/Eddie_Lucio_0001.jpg Patti_Balgojevich/Patti_Balgojevich_0001.jpg 0
Eddie_Sutton/Eddie_Sutton_0001.jpg James_Wattana/James_Wattana_0001.jpg 0
Eddie_Sutton/Eddie_Sutton_0001.jpg Jeanne_Anne_Schroeder/Jeanne_Anne_Schroeder_0001.jpg 0
Eddie_Sutton/Eddie_Sutton_0002.jpg Ronald_Ito/Ronald_Ito_0001.jpg 0
Eduardo_Fischer/Eduardo_Fischer_0001.jpg Kimberly_Bruckner/Kimberly_Bruckner_0001.jpg 0
Edward_Lohn/Edward_Lohn_0001.jpg Lily_Safra/Lily_Safra_0001.jpg 0
Edward_Lohn/Edward_Lohn_0001.jpg Nino_DAngelo/Nino_DAngelo_0001.jpg 0
Ekaterina_Dmitriev/Ekaterina_Dmitriev_0001.jpg Mitch_Kupchak/Mitch_Kupchak_0001.jpg 0
Eladio_Larez/Eladio_Larez_0001.jpg Frank_Pallone/Frank_Pallone_0001.jpg 0
Eli_Broad/Eli_Broad_0001.jpg Ravan_AG_Farhadi/Ravan_AG_Farhadi_0001.jpg 0
Elijah_Wood/Elijah_Wood_0002.jpg Stefano_Gabbana/Stefano_Gabbana_0001.jpg 0
Elijah_Wood/Elijah_Wood_0003.jpg Marcus_Garrettson/Marcus_Garrettson_0001.jpg 0
Elijan_Ingram/Elijan_Ingram_0001.jpg Michelle_Hofland/Michelle_Hofland_0001.jpg 0
Elijan_Ingram/Elijan_Ingram_0001.jpg Nastia_Liukin/Nastia_Liukin_0001.jpg 0
Elvis_Costello/Elvis_Costello_0001.jpg Jaime_Pressly/Jaime_Pressly_0001.jpg 0
Emelie_Loit/Emelie_Loit_0001.jpg Thomas_Mesereau_Jr/Thomas_Mesereau_Jr_0001.jpg 0
Eric_Staal/Eric_Staal_0001.jpg Jerry_Lewis/Jerry_Lewis_0001.jpg 0
Erin_Hershey_Presley/Erin_Hershey_Presley_0001.jpg Frank_Dunham_Jr/Frank_Dunham_Jr_0001.jpg 0
Erin_Hershey_Presley/Erin_Hershey_Presley_0001.jpg Yukio_Hatoyama/Yukio_Hatoyama_0001.jpg 0
Eva_Mendes/Eva_Mendes_0001.jpg Larry_Harris/Larry_Harris_0001.jpg 0
Faye_Alibocus/Faye_Alibocus_0001.jpg Frank_Bell/Frank_Bell_0001.jpg 0
Faye_Alibocus/Faye_Alibocus_0001.jpg Tommy_Tubberville/Tommy_Tubberville_0001.jpg 0
Felix_Mantilla/Felix_Mantilla_0001.jpg Jerry_Lewis/Jerry_Lewis_0001.jpg 0
Fernando_Leon_de_Aranoa/Fernando_Leon_de_Aranoa_0001.jpg John_Scarlett/John_Scarlett_0001.jpg 0
Fernando_Leon_de_Aranoa/Fernando_Leon_de_Aranoa_0001.jpg Mike_Leach/Mike_Leach_0001.jpg 0
Fidel_Castro/Fidel_Castro_0007.jpg Hu_Maoyuan/Hu_Maoyuan_0001.jpg 0
Francisco_Flores/Francisco_Flores_0004.jpg Hisham_Halawi/Hisham_Halawi_0001.jpg 0
Frank_Bell/Frank_Bell_0001.jpg Khatol_Mohammad_Zai/Khatol_Mohammad_Zai_0001.jpg 0
Frank_Dunham_Jr/Frank_Dunham_Jr_0001.jpg Tom_McClintock/Tom_McClintock_0001.jpg 0
Frank_Hsieh/Frank_Hsieh_0001.jpg Paula_Prentiss/Paula_Prentiss_0001.jpg 0
Frank_Pallone/Frank_Pallone_0001.jpg Jim_Wall/Jim_Wall_0001.jpg 0
Frank_Pallone/Frank_Pallone_0001.jpg Mary_Tyler_Moore/Mary_Tyler_Moore_0002.jpg 0
Frank_Schmoekel/Frank_Schmoekel_0001.jpg Ronald_Ito/Ronald_Ito_0001.jpg 0
Franko_Simatovic/Franko_Simatovic_0002.jpg Tyler_Grillo/Tyler_Grillo_0001.jpg 0
Franz_Gsell/Franz_Gsell_0001.jpg John_Scarlett/John_Scarlett_0001.jpg 0
Franz_Gsell/Franz_Gsell_0001.jpg Sarah_Jessica_Parker/Sarah_Jessica_Parker_0002.jpg 0
Fred_Eckhard/Fred_Eckhard_0001.jpg Rachel_Wheatley/Rachel_Wheatley_0001.jpg 0
Garry_Alejano/Garry_Alejano_0001.jpg Iban_Mayo/Iban_Mayo_0001.jpg 0
Garry_Alejano/Garry_Alejano_0001.jpg Michael_Olowokandi/Michael_Olowokandi_0001.jpg 0
Garry_Alejano/Garry_Alejano_0001.jpg Morgan_Freeman/Morgan_Freeman_0002.jpg 0
Garry_Alejano/Garry_Alejano_0001.jpg Peter_Struck/Peter_Struck_0005.jpg 0
Gary_Marshall/Gary_Marshall_0001.jpg Rashid_Qureshi/Rashid_Qureshi_0001.jpg 0
Gerald_Fitch/Gerald_Fitch_0001.jpg Robin_Williams/Robin_Williams_0001.jpg 0
Gerald_Riley/Gerald_Riley_0001.jpg Michael_Hagee/Michael_Hagee_0001.jpg 0
German_Khan/German_Khan_0001.jpg Morgan_Freeman/Morgan_Freeman_0002.jpg 0
Grady_Little/Grady_Little_0001.jpg Robert_Morvillo/Robert_Morvillo_0001.jpg 0
Hal_Sellers/Hal_Sellers_0001.jpg Janet_Thorpe/Janet_Thorpe_0001.jpg 0
Hans_Corell/Hans_Corell_0001.jpg John_Gordnick/John_Gordnick_0001.jpg 0
Heidi_Klum/Heidi_Klum_0002.jpg Paul_Reiser/Paul_Reiser_0001.jpg 0
Heidi_Klum/Heidi_Klum_0003.jpg Pedro_Solbes/Pedro_Solbes_0001.jpg 0
Hermando_Harton/Hermando_Harton_0001.jpg Paris_Hilton/Paris_Hilton_0002.jpg 0
Holly_Robinson_Peete/Holly_Robinson_Peete_0001.jpg Michael_Hagee/Michael_Hagee_0001.jpg 0
Howard_Ross/Howard_Ross_0001.jpg Kajsa_Bergqvist/Kajsa_Bergqvist_0001.jpg 0
Howard_Ross/Howard_Ross_0001.jpg Patsy_Hardy/Patsy_Hardy_0001.jpg 0
Hugh_Carey/Hugh_Carey_0001.jpg Lawrence_Roberts/Lawrence_Roberts_0001.jpg 0
Hugh_Carey/Hugh_Carey_0001.jpg Tracee_Treadwell/Tracee_Treadwell_0001.jpg 0
Iban_Mayo/Iban_Mayo_0002.jpg Juan_Valencia_Osorio/Juan_Valencia_Osorio_0001.jpg 0
Iban_Mayo/Iban_Mayo_0002.jpg Rosalie_Perkov/Rosalie_Perkov_0001.jpg 0
Ibrahim_Al-Marashi/Ibrahim_Al-Marashi_0001.jpg John_Travolta/John_Travolta_0003.jpg 0
Ibrahim_Al-Marashi/Ibrahim_Al-Marashi_0001.jpg Joshua_Gracin/Joshua_Gracin_0001.jpg 0
Imad_Moustapha/Imad_Moustapha_0002.jpg Kyoko_Nakayama/Kyoko_Nakayama_0001.jpg 0
Ira_Einhorn/Ira_Einhorn_0001.jpg John_Ruiz/John_Ruiz_0002.jpg 0
Jacqueline_Marris/Jacqueline_Marris_0001.jpg Matthew_Ouimet/Matthew_Ouimet_0001.jpg 0
Jaime_Pressly/Jaime_Pressly_0001.jpg Tiago_Splitter/Tiago_Splitter_0001.jpg 0
James_Brown/James_Brown_0001.jpg Mary_Blige/Mary_Blige_0001.jpg 0
James_Brown/James_Brown_0001.jpg Paul_Reiser/Paul_Reiser_0001.jpg 0
James_Mathis/James_Mathis_0001.jpg Yuri_Fedotov/Yuri_Fedotov_0001.jpg 0
James_Wattana/James_Wattana_0001.jpg Paul_Reiser/Paul_Reiser_0001.jpg 0
James_Wattana/James_Wattana_0001.jpg Ron_Kirk/Ron_Kirk_0001.jpg 0
James_Young/James_Young_0001.jpg Jeffrey_Scott_Postell/Jeffrey_Scott_Postell_0002.jpg 0
James_Young/James_Young_0001.jpg Ronald_Harwood/Ronald_Harwood_0001.jpg 0
Jane_Leeves/Jane_Leeves_0001.jpg Tom_McClintock/Tom_McClintock_0001.jpg 0
Janet_Crawford/Janet_Crawford_0001.jpg Thomas_Scavone/Thomas_Scavone_0001.jpg 0
Jason_Sorens/Jason_Sorens_0001.jpg Lidija_Djukanovic/Lidija_Djukanovic_0001.jpg 0
Jason_Vale/Jason_Vale_0001.jpg Marcus_Garrettson/Marcus_Garrettson_0001.jpg 0
Jason_Vale/Jason_Vale_0001.jpg Zoran_Djindjic/Zoran_Djindjic_0003.jpg 0
Jaymon_Crabb/Jaymon_Crabb_0001.jpg Ted_Christopher/Ted_Christopher_0001.jpg 0
Jeff_Weaver/Jeff_Weaver_0001.jpg Kyoko_Nakayama/Kyoko_Nakayama_0001.jpg 0
Jeff_Weaver/Jeff_Weaver_0001.jpg Rosalie_Perkov/Rosalie_Perkov_0001.jpg 0
Jeffrey_Scott_Postell/Jeffrey_Scott_Postell_0001.jpg Tara_Dawn_Christensen/Tara_Dawn_Christensen_0001.jpg 0
Jeffrey_Scott_Postell/Jeffrey_Scott_Postell_0002.jpg Lesley_Coppin/Lesley_Coppin_0001.jpg 0
Jennifer_Capriati/Jennifer_Capriati_0026.jpg Ruben_Wolkowyski/Ruben_Wolkowyski_0001.jpg 0
Jim_Bunning/Jim_Bunning_0001.jpg Terence_Newman/Terence_Newman_0001.jpg 0
Jim_Jeffords/Jim_Jeffords_0001.jpg Peter_Rasch/Peter_Rasch_0001.jpg 0
Jim_Jeffords/Jim_Jeffords_0001.jpg Tom_Sizemore/Tom_Sizemore_0001.jpg 0
Job_Cohen/Job_Cohen_0001.jpg John_Stockton/John_Stockton_0002.jpg 0
John_Franco/John_Franco_0001.jpg Paul_Wolfowitz/Paul_Wolfowitz_0004.jpg 0
John_Gordnick/John_Gordnick_0001.jpg Linda_Dano/Linda_Dano_0001.jpg 0
John_Gordnick/John_Gordnick_0001.jpg Paul_Vathis/Paul_Vathis_0001.jpg 0
John_Gordnick/John_Gordnick_0001.jpg Yasser_Arafat/Yasser_Arafat_0003.jpg 0
John_Stockton/John_Stockton_0004.jpg Patsy_Hardy/Patsy_Hardy_0001.jpg 0
John_Travolta/John_Travolta_0002.jpg Lech_Walesa/Lech_Walesa_0001.jpg 0
Juan_Valencia_Osorio/Juan_Valencia_Osorio_0001.jpg Tom_Daschle/Tom_Daschle_0006.jpg 0
Juergen_Schrempp/Juergen_Schrempp_0001.jpg Mitt_Romney/Mitt_Romney_0001.jpg 0
Julien_Boutter/Julien_Boutter_0001.jpg Saeed_Anwar/Saeed_Anwar_0001.jpg 0
Kaisser_Bazan/Kaisser_Bazan_0001.jpg Lawrence_Vito/Lawrence_Vito_0001.jpg 0
Kaisser_Bazan/Kaisser_Bazan_0001.jpg Pierre_Lacroix/Pierre_Lacroix_0001.jpg 0
Kajsa_Bergqvist/Kajsa_Bergqvist_0001.jpg Tayshaun_Prince/Tayshaun_Prince_0001.jpg 0
Keith_Snyder/Keith_Snyder_0001.jpg Terri_Clark/Terri_Clark_0001.jpg 0
Kemal_Dervis/Kemal_Dervis_0003.jpg Roger_Staubach/Roger_Staubach_0001.jpg 0
Kifah_Ajouri/Kifah_Ajouri_0001.jpg Laurie_Pirtle/Laurie_Pirtle_0001.jpg 0
Kifah_Ajouri/Kifah_Ajouri_0001.jpg Raul_Gonzalez/Raul_Gonzalez_0001.jpg 0
Kimberly_Bruckner/Kimberly_Bruckner_0001.jpg Pete_Carroll/Pete_Carroll_0001.jpg 0
Kirk_Douglas/Kirk_Douglas_0001.jpg Nida_Blanca/Nida_Blanca_0001.jpg 0
Larry_Harris/Larry_Harris_0001.jpg Michael_Lechner/Michael_Lechner_0001.jpg 0
Larry_Lucchino/Larry_Lucchino_0001.jpg Rudy_Tomjanovich/Rudy_Tomjanovich_0001.jpg 0
Latrell_Sprewell/Latrell_Sprewell_0001.jpg Rosalie_Perkov/Rosalie_Perkov_0001.jpg 0
Laura_Schlessinger/Laura_Schlessinger_0001.jpg Tony_Curtis/Tony_Curtis_0001.jpg 0
Laurie_Pirtle/Laurie_Pirtle_0001.jpg Roberta_Combs/Roberta_Combs_0001.jpg 0
Lawrence_Roberts/Lawrence_Roberts_0001.jpg Lynne_Thigpen/Lynne_Thigpen_0001.jpg 0
Lawrence_Roberts/Lawrence_Roberts_0001.jpg Nick_Cassavetes/Nick_Cassavetes_0001.jpg 0
Lech_Walesa/Lech_Walesa_0002.jpg Rick_Wagoner/Rick_Wagoner_0002.jpg 0
Len_Jenoff/Len_Jenoff_0002.jpg Tom_Daschle/Tom_Daschle_0007.jpg 0
Lew_Rywin/Lew_Rywin_0001.jpg Terri_Clark/Terri_Clark_0001.jpg 0
Linda_Dano/Linda_Dano_0001.jpg Terence_Newman/Terence_Newman_0001.jpg 0
Lydia_Shum/Lydia_Shum_0001.jpg Mario_Vasquez_Rana/Mario_Vasquez_Rana_0001.jpg 0
Lynne_Thigpen/Lynne_Thigpen_0001.jpg Mary_Blige/Mary_Blige_0001.jpg 0
Malcolm_Glazer/Malcolm_Glazer_0001.jpg Noer_Muis/Noer_Muis_0001.jpg 0
Malcolm_Glazer/Malcolm_Glazer_0001.jpg Tabare_Vazquez/Tabare_Vazquez_0001.jpg 0
Marc_Bulger/Marc_Bulger_0001.jpg Paul_Wolfowitz/Paul_Wolfowitz_0007.jpg 0
Marcus_Garrettson/Marcus_Garrettson_0001.jpg Pham_Sy_Chien/Pham_Sy_Chien_0001.jpg 0
Marcus_Garrettson/Marcus_Garrettson_0001.jpg Roberto_Carlos/Roberto_Carlos_0003.jpg 0
Maribel_Dominguez/Maribel_Dominguez_0001.jpg Michael_Winterbottom/Michael_Winterbottom_0003.jpg 0
Marion_Barry/Marion_Barry_0001.jpg Steve_Peace/Steve_Peace_0001.jpg 0
Mark_Hogan/Mark_Hogan_0001.jpg Queen_Elizabeth_II/Queen_Elizabeth_II_0011.jpg 0
Mark_Hogan/Mark_Hogan_0001.jpg Roger_Toussaint/Roger_Toussaint_0001.jpg 0
Mary_Blige/Mary_Blige_0001.jpg Raul_Gonzalez/Raul_Gonzalez_0001.jpg 0
Massoud_Barzani/Massoud_Barzani_0001.jpg Pierre_Lacroix/Pierre_Lacroix_0001.jpg 0
Max_Mosley/Max_Mosley_0001.jpg Raul_Gonzalez/Raul_Gonzalez_0001.jpg 0
Melvin_Talbert/Melvin_Talbert_0001.jpg Rudy_Tomjanovich/Rudy_Tomjanovich_0001.jpg 0
Michael_Hagee/Michael_Hagee_0001.jpg Sonya_Walger/Sonya_Walger_0001.jpg 0
Michael_Killeen/Michael_Killeen_0001.jpg Sammy_Sosa/Sammy_Sosa_0002.jpg 0
Michael_Olowokandi/Michael_Olowokandi_0001.jpg Pete_Carroll/Pete_Carroll_0002.jpg 0
Michael_Winterbottom/Michael_Winterbottom_0001.jpg Pierre_Boulanger/Pierre_Boulanger_0001.jpg 0
Mike_Price/Mike_Price_0002.jpg Tom_Miller/Tom_Miller_0001.jpg 0
Milo_Maestrecampo/Milo_Maestrecampo_0001.jpg Yuri_Fedotov/Yuri_Fedotov_0001.jpg 0
Milo_Maestrecampo/Milo_Maestrecampo_0002.jpg Steve_Peace/Steve_Peace_0001.jpg 0
Milo_Maestrecampo/Milo_Maestrecampo_0003.jpg Stacey_Dales-Schuman/Stacey_Dales-Schuman_0001.jpg 0
Mitt_Romney/Mitt_Romney_0001.jpg Nida_Blanca/Nida_Blanca_0001.jpg 0
Mohamed_ElBaradei/Mohamed_ElBaradei_0008.jpg Rachel_Wheatley/Rachel_Wheatley_0001.jpg 0
Mohammad_Aktar/Mohammad_Aktar_0001.jpg Rafeeuddin_Ahmed/Rafeeuddin_Ahmed_0001.jpg 0
Mohammad_Aktar/Mohammad_Aktar_0001.jpg Tom_McClintock/Tom_McClintock_0001.jpg 0
Mohammed_Abulhasan/Mohammed_Abulhasan_0001.jpg Stephane_Rousseau/Stephane_Rousseau_0001.jpg 0
Mohammed_Abulhasan/Mohammed_Abulhasan_0001.jpg Vladimiro_Montesinos/Vladimiro_Montesinos_0001.jpg 0
Nastia_Liukin/Nastia_Liukin_0001.jpg Nicole_Parker/Nicole_Parker_0001.jpg 0
Nastia_Liukin/Nastia_Liukin_0001.jpg Sharon_Davis/Sharon_Davis_0002.jpg 0
Nicolas_Latorre/Nicolas_Latorre_0001.jpg Paula_Prentiss/Paula_Prentiss_0001.jpg 0
Nicolas_Latorre/Nicolas_Latorre_0001.jpg Vassilis_Xiros/Vassilis_Xiros_0001.jpg 0
Nicolas_Latorre/Nicolas_Latorre_0001.jpg William_Delahunt/William_Delahunt_0001.jpg 0
Pete_Sampras/Pete_Sampras_0010.jpg Stan_Heath/Stan_Heath_0001.jpg 0
Phil_Vassar/Phil_Vassar_0002.jpg Tabare_Vazquez/Tabare_Vazquez_0001.jpg 0
Philip_Zalewski/Philip_Zalewski_0001.jpg Stefan_Holm/Stefan_Holm_0001.jpg 0
Roberto_Carlos/Roberto_Carlos_0001.jpg Yasser_Arafat/Yasser_Arafat_0005.jpg 0
Roger_Cook/Roger_Cook_0001.jpg Wilbert_Foy/Wilbert_Foy_0001.jpg 0
Roger_Staubach/Roger_Staubach_0001.jpg Severino_Antinori/Severino_Antinori_0001.jpg 0
Ron_Kirk/Ron_Kirk_0001.jpg Troy_Hudson/Troy_Hudson_0001.jpg 0
Sammy_Sosa/Sammy_Sosa_0002.jpg Stan_Heath/Stan_Heath_0002.jpg 0
Sandra_Ceccarelli/Sandra_Ceccarelli_0001.jpg Stephen_Cooper/Stephen_Cooper_0001.jpg 0
Sandra_Ceccarelli/Sandra_Ceccarelli_0001.jpg Tom_Coughlin/Tom_Coughlin_0001.jpg 0
Shireen_Amir_Begum/Shireen_Amir_Begum_0001.jpg Sushma_Swaraj/Sushma_Swaraj_0001.jpg 0
Sinead_OConnor/Sinead_OConnor_0001.jpg Stephane_Rochon/Stephane_Rochon_0001.jpg 0
