Aaron_Peirsol/Aaron_Peirsol_0001.jpg Aaron_Peirsol/Aaron_Peirsol_0004.jpg 1
Aaron_Peirsol/Aaron_Peirsol_0003.jpg Aaron_Peirsol/Aaron_Peirsol_0004.jpg 1
Adrian_Nastase/Adrian_Nastase_0001.jpg Adrian_Nastase/Adrian_Nastase_0002.jpg 1
Ahmed_Chalabi/Ahmed_Chalabi_0001.jpg Ahmed_Chalabi/Ahmed_Chalabi_0003.jpg 1
Ahmed_Chalabi/Ahmed_Chalabi_0001.jpg Ahmed_Chalabi/Ahmed_Chalabi_0005.jpg 1
Albrecht_Mentz/Albrecht_Mentz_0001.jpg Albrecht_Mentz/Albrecht_Mentz_0002.jpg 1
Alejandro_Toledo/Alejandro_Toledo_0020.jpg Alejandro_Toledo/Alejandro_Toledo_0036.jpg 1
Alejandro_Toledo/Alejandro_Toledo_0021.jpg Alejandro_Toledo/Alejandro_Toledo_0024.jpg 1
Alejandro_Toledo/Alejandro_Toledo_0021.jpg Alejandro_Toledo/Alejandro_Toledo_0030.jpg 1
Alejandro_Toledo/Alejandro_Toledo_0023.jpg Alejandro_Toledo/Alejandro_Toledo_0027.jpg 1
Alejandro_Toledo/Alejandro_Toledo_0026.jpg Alejandro_Toledo/Alejandro_Toledo_0029.jpg 1
Alexander_Losyukov/Alexander_Losyukov_0001.jpg Alexander_Losyukov/Alexander_Losyukov_0003.jpg 1
Alexander_Losyukov/Alexander_Losyukov_0002.jpg Alexander_Losyukov/Alexander_Losyukov_0003.jpg 1
Alexander_Losyukov/Alexander_Losyukov_0002.jpg Alexander_Losyukov/Alexander_Losyukov_0004.jpg 1
Alimzhan_Tokhtakhounov/Alimzhan_Tokhtakhounov_0001.jpg Alimzhan_Tokhtakhounov/Alimzhan_Tokhtakhounov_0002.jpg 1
Amelie_Mauresmo/Amelie_Mauresmo_0007.jpg Amelie_Mauresmo/Amelie_Mauresmo_0014.jpg 1
Amelie_Mauresmo/Amelie_Mauresmo_0011.jpg Amelie_Mauresmo/Amelie_Mauresmo_0017.jpg 1
Amelie_Mauresmo/Amelie_Mauresmo_0014.jpg Amelie_Mauresmo/Amelie_Mauresmo_0017.jpg 1
Angelo_Reyes/Angelo_Reyes_0001.jpg Angelo_Reyes/Angelo_Reyes_0002.jpg 1
Angelo_Reyes/Angelo_Reyes_0001.jpg Angelo_Reyes/Angelo_Reyes_0003.jpg 1
Begum_Khaleda_Zia/Begum_Khaleda_Zia_0001.jpg Begum_Khaleda_Zia/Begum_Khaleda_Zia_0002.jpg 1
Ben_Curtis/Ben_Curtis_0001.jpg Ben_Curtis/Ben_Curtis_0002.jpg 1
Bijan_Namdar_Zangeneh/Bijan_Namdar_Zangeneh_0001.jpg Bijan_Namdar_Zangeneh/Bijan_Namdar_Zangeneh_0002.jpg 1
Bill_Paxton/Bill_Paxton_0001.jpg Bill_Paxton/Bill_Paxton_0002.jpg 1
Bill_Paxton/Bill_Paxton_0001.jpg Bill_Paxton/Bill_Paxton_0003.jpg 1
Bill_Paxton/Bill_Paxton_0002.jpg Bill_Paxton/Bill_Paxton_0004.jpg 1
Bill_Paxton/Bill_Paxton_0003.jpg Bill_Paxton/Bill_Paxton_0004.jpg 1
Billy_Crystal/Billy_Crystal_0001.jpg Billy_Crystal/Billy_Crystal_0002.jpg 1
Billy_Crystal/Billy_Crystal_0001.jpg Billy_Crystal/Billy_Crystal_0003.jpg 1
Billy_Crystal/Billy_Crystal_0001.jpg Billy_Crystal/Billy_Crystal_0005.jpg 1
Billy_Crystal/Billy_Crystal_0003.jpg Billy_Crystal/Billy_Crystal_0005.jpg 1
Billy_Graham/Billy_Graham_0001.jpg Billy_Graham/Billy_Graham_0002.jpg 1
Bob_Colvin/Bob_Colvin_0001.jpg Bob_Colvin/Bob_Colvin_0002.jpg 1
Brian_Cowen/Brian_Cowen_0001.jpg Brian_Cowen/Brian_Cowen_0002.jpg 1
Butch_Davis/Butch_Davis_0001.jpg Butch_Davis/Butch_Davis_0002.jpg 1
Byron_Scott/Byron_Scott_0001.jpg Byron_Scott/Byron_Scott_0002.jpg 1
Carol_Burnett/Carol_Burnett_0001.jpg Carol_Burnett/Carol_Burnett_0002.jpg 1
Charles_Mathews/Charles_Mathews_0001.jpg Charles_Mathews/Charles_Mathews_0002.jpg 1
Christine_Ebersole/Christine_Ebersole_0001.jpg Christine_Ebersole/Christine_Ebersole_0002.jpg 1
Claudia_Schiffer/Claudia_Schiffer_0001.jpg Claudia_Schiffer/Claudia_Schiffer_0002.jpg 1
Condoleezza_Rice/Condoleezza_Rice_0001.jpg Condoleezza_Rice/Condoleezza_Rice_0004.jpg 1
Condoleezza_Rice/Condoleezza_Rice_0002.jpg Condoleezza_Rice/Condoleezza_Rice_0010.jpg 1
Condoleezza_Rice/Condoleezza_Rice_0004.jpg Condoleezza_Rice/Condoleezza_Rice_0005.jpg 1
Condoleezza_Rice/Condoleezza_Rice_0008.jpg Condoleezza_Rice/Condoleezza_Rice_0009.jpg 1
Condoleezza_Rice/Condoleezza_Rice_0009.jpg Condoleezza_Rice/Condoleezza_Rice_0010.jpg 1
Costas_Simitis/Costas_Simitis_0001.jpg Costas_Simitis/Costas_Simitis_0004.jpg 1
Costas_Simitis/Costas_Simitis_0001.jpg Costas_Simitis/Costas_Simitis_0005.jpg 1
Costas_Simitis/Costas_Simitis_0003.jpg Costas_Simitis/Costas_Simitis_0005.jpg 1
Costas_Simitis/Costas_Simitis_0004.jpg Costas_Simitis/Costas_Simitis_0006.jpg 1
Cristina_Saralegui/Cristina_Saralegui_0001.jpg Cristina_Saralegui/Cristina_Saralegui_0002.jpg 1
Cruz_Bustamante/Cruz_Bustamante_0001.jpg Cruz_Bustamante/Cruz_Bustamante_0004.jpg 1
Cruz_Bustamante/Cruz_Bustamante_0003.jpg Cruz_Bustamante/Cruz_Bustamante_0005.jpg 1
David_Heymann/David_Heymann_0003.jpg David_Heymann/David_Heymann_0005.jpg 1
Diana_Krall/Diana_Krall_0001.jpg Diana_Krall/Diana_Krall_0006.jpg 1
Diana_Krall/Diana_Krall_0003.jpg Diana_Krall/Diana_Krall_0004.jpg 1
Diana_Munz/Diana_Munz_0001.jpg Diana_Munz/Diana_Munz_0003.jpg 1
Diana_Munz/Diana_Munz_0002.jpg Diana_Munz/Diana_Munz_0003.jpg 1
Dominique_de_Villepin/Dominique_de_Villepin_0002.jpg Dominique_de_Villepin/Dominique_de_Villepin_0013.jpg 1
Dominique_de_Villepin/Dominique_de_Villepin_0003.jpg Dominique_de_Villepin/Dominique_de_Villepin_0008.jpg 1
Dominique_de_Villepin/Dominique_de_Villepin_0003.jpg Dominique_de_Villepin/Dominique_de_Villepin_0010.jpg 1
Dominique_de_Villepin/Dominique_de_Villepin_0007.jpg Dominique_de_Villepin/Dominique_de_Villepin_0011.jpg 1
Dominique_de_Villepin/Dominique_de_Villepin_0010.jpg Dominique_de_Villepin/Dominique_de_Villepin_0014.jpg 1
Dominique_de_Villepin/Dominique_de_Villepin_0011.jpg Dominique_de_Villepin/Dominique_de_Villepin_0012.jpg 1
Don_Siegelman/Don_Siegelman_0001.jpg Don_Siegelman/Don_Siegelman_0003.jpg 1
Don_Siegelman/Don_Siegelman_0002.jpg Don_Siegelman/Don_Siegelman_0004.jpg 1
Donald_Pettit/Donald_Pettit_0001.jpg Donald_Pettit/Donald_Pettit_0002.jpg 1
Donald_Pettit/Donald_Pettit_0001.jpg Donald_Pettit/Donald_Pettit_0003.jpg 1
Donald_Pettit/Donald_Pettit_0002.jpg Donald_Pettit/Donald_Pettit_0003.jpg 1
Doug_Collins/Doug_Collins_0001.jpg Doug_Collins/Doug_Collins_0002.jpg 1
Edward_James_Olmos/Edward_James_Olmos_0001.jpg Edward_James_Olmos/Edward_James_Olmos_0002.jpg 1
Elin_Nordegren/Elin_Nordegren_0001.jpg Elin_Nordegren/Elin_Nordegren_0002.jpg 1
Elizabeth_Taylor/Elizabeth_Taylor_0001.jpg Elizabeth_Taylor/Elizabeth_Taylor_0002.jpg 1
Ellen_DeGeneres/Ellen_DeGeneres_0001.jpg Ellen_DeGeneres/Ellen_DeGeneres_0002.jpg 1
Elton_John/Elton_John_0001.jpg Elton_John/Elton_John_0004.jpg 1
Elton_John/Elton_John_0002.jpg Elton_John/Elton_John_0003.jpg 1
Elton_John/Elton_John_0003.jpg Elton_John/Elton_John_0006.jpg 1
Elton_John/Elton_John_0005.jpg Elton_John/Elton_John_0006.jpg 1
Elton_John/Elton_John_0005.jpg Elton_John/Elton_John_0007.jpg 1
Emma_Watson/Emma_Watson_0002.jpg Emma_Watson/Emma_Watson_0003.jpg 1
Emma_Watson/Emma_Watson_0003.jpg Emma_Watson/Emma_Watson_0004.jpg 1
Emma_Watson/Emma_Watson_0003.jpg Emma_Watson/Emma_Watson_0005.jpg 1
Fabrice_Santoro/Fabrice_Santoro_0001.jpg Fabrice_Santoro/Fabrice_Santoro_0003.jpg 1
Fabrice_Santoro/Fabrice_Santoro_0002.jpg Fabrice_Santoro/Fabrice_Santoro_0003.jpg 1
Flavia_Delaroli/Flavia_Delaroli_0001.jpg Flavia_Delaroli/Flavia_Delaroli_0002.jpg 1
George_Lopez/George_Lopez_0001.jpg George_Lopez/George_Lopez_0004.jpg 1
George_Lopez/George_Lopez_0002.jpg George_Lopez/George_Lopez_0004.jpg 1
George_Lopez/George_Lopez_0002.jpg George_Lopez/George_Lopez_0005.jpg 1
George_Lopez/George_Lopez_0004.jpg George_Lopez/George_Lopez_0005.jpg 1
Gerard_Depardieu/Gerard_Depardieu_0001.jpg Gerard_Depardieu/Gerard_Depardieu_0002.jpg 1
Gerhard_Schroeder/Gerhard_Schroeder_0005.jpg Gerhard_Schroeder/Gerhard_Schroeder_0043.jpg 1
Gerhard_Schroeder/Gerhard_Schroeder_0017.jpg Gerhard_Schroeder/Gerhard_Schroeder_0025.jpg 1
Gerhard_Schroeder/Gerhard_Schroeder_0027.jpg Gerhard_Schroeder/Gerhard_Schroeder_0032.jpg 1
Gerhard_Schroeder/Gerhard_Schroeder_0045.jpg Gerhard_Schroeder/Gerhard_Schroeder_0067.jpg 1
Gerhard_Schroeder/Gerhard_Schroeder_0066.jpg Gerhard_Schroeder/Gerhard_Schroeder_0100.jpg 1
Gilberto_Rodriguez_Orejuela/Gilberto_Rodriguez_Orejuela_0001.jpg Gilberto_Rodriguez_Orejuela/Gilberto_Rodriguez_Orejuela_0003.jpg 1
Gilberto_Rodriguez_Orejuela/Gilberto_Rodriguez_Orejuela_0002.jpg Gilberto_Rodriguez_Orejuela/Gilberto_Rodriguez_Orejuela_0003.jpg 1
Gilberto_Rodriguez_Orejuela/Gilberto_Rodriguez_Orejuela_0003.jpg Gilberto_Rodriguez_Orejuela/Gilberto_Rodriguez_Orejuela_0004.jpg 1
Giuseppe_Gibilisco/Giuseppe_Gibilisco_0001.jpg Giuseppe_Gibilisco/Giuseppe_Gibilisco_0003.jpg 1
Giuseppe_Gibilisco/Giuseppe_Gibilisco_0001.jpg Giuseppe_Gibilisco/Giuseppe_Gibilisco_0004.jpg 1
Giuseppe_Gibilisco/Giuseppe_Gibilisco_0003.jpg Giuseppe_Gibilisco/Giuseppe_Gibilisco_0004.jpg 1
Guillermo_Canas/Guillermo_Canas_0001.jpg Guillermo_Canas/Guillermo_Canas_0002.jpg 1
Guillermo_Canas/Guillermo_Canas_0001.jpg Guillermo_Canas/Guillermo_Canas_0003.jpg 1
Guillermo_Canas/Guillermo_Canas_0002.jpg Guillermo_Canas/Guillermo_Canas_0004.jpg 1
Guillermo_Canas/Guillermo_Canas_0003.jpg Guillermo_Canas/Guillermo_Canas_0004.jpg 1
Hans_Blix/Hans_Blix_0007.jpg Hans_Blix/Hans_Blix_0008.jpg 1
Hans_Blix/Hans_Blix_0007.jpg Hans_Blix/Hans_Blix_0018.jpg 1
Hans_Blix/Hans_Blix_0007.jpg Hans_Blix/Hans_Blix_0038.jpg 1
Hans_Blix/Hans_Blix_0008.jpg Hans_Blix/Hans_Blix_0024.jpg 1
Hans_Blix/Hans_Blix_0009.jpg Hans_Blix/Hans_Blix_0012.jpg 1
Hans_Blix/Hans_Blix_0026.jpg Hans_Blix/Hans_Blix_0036.jpg 1
Hans_Blix/Hans_Blix_0027.jpg Hans_Blix/Hans_Blix_0037.jpg 1
Hans_Blix/Hans_Blix_0031.jpg Hans_Blix/Hans_Blix_0037.jpg 1
Heath_Ledger/Heath_Ledger_0001.jpg Heath_Ledger/Heath_Ledger_0002.jpg 1
Heath_Ledger/Heath_Ledger_0001.jpg Heath_Ledger/Heath_Ledger_0004.jpg 1
Heath_Ledger/Heath_Ledger_0002.jpg Heath_Ledger/Heath_Ledger_0003.jpg 1
Heath_Ledger/Heath_Ledger_0002.jpg Heath_Ledger/Heath_Ledger_0004.jpg 1
Herta_Daeubler-Gmelin/Herta_Daeubler-Gmelin_0001.jpg Herta_Daeubler-Gmelin/Herta_Daeubler-Gmelin_0002.jpg 1
Hilary_Duff/Hilary_Duff_0001.jpg Hilary_Duff/Hilary_Duff_0003.jpg 1
Hilary_Duff/Hilary_Duff_0002.jpg Hilary_Duff/Hilary_Duff_0003.jpg 1
Hosni_Mubarak/Hosni_Mubarak_0006.jpg Hosni_Mubarak/Hosni_Mubarak_0007.jpg 1
Hun_Sen/Hun_Sen_0001.jpg Hun_Sen/Hun_Sen_0004.jpg 1
Hun_Sen/Hun_Sen_0002.jpg Hun_Sen/Hun_Sen_0004.jpg 1
Iain_Duncan_Smith/Iain_Duncan_Smith_0001.jpg Iain_Duncan_Smith/Iain_Duncan_Smith_0003.jpg 1
Iain_Duncan_Smith/Iain_Duncan_Smith_0002.jpg Iain_Duncan_Smith/Iain_Duncan_Smith_0003.jpg 1
Iain_Duncan_Smith/Iain_Duncan_Smith_0002.jpg Iain_Duncan_Smith/Iain_Duncan_Smith_0004.jpg 1
Iain_Duncan_Smith/Iain_Duncan_Smith_0003.jpg Iain_Duncan_Smith/Iain_Duncan_Smith_0004.jpg 1
Inocencio_Arias/Inocencio_Arias_0001.jpg Inocencio_Arias/Inocencio_Arias_0002.jpg 1
JK_Rowling/JK_Rowling_0001.jpg JK_Rowling/JK_Rowling_0002.jpg 1
JK_Rowling/JK_Rowling_0002.jpg JK_Rowling/JK_Rowling_0003.jpg 1
JK_Rowling/JK_Rowling_0002.jpg JK_Rowling/JK_Rowling_0004.jpg 1
JK_Rowling/JK_Rowling_0003.jpg JK_Rowling/JK_Rowling_0005.jpg 1
Jackie_Chan/Jackie_Chan_0001.jpg Jackie_Chan/Jackie_Chan_0003.jpg 1
Jackie_Chan/Jackie_Chan_0005.jpg Jackie_Chan/Jackie_Chan_0008.jpg 1
Jane_Kaczmarek/Jane_Kaczmarek_0001.jpg Jane_Kaczmarek/Jane_Kaczmarek_0002.jpg 1
Janet_Napolitano/Janet_Napolitano_0001.jpg Janet_Napolitano/Janet_Napolitano_0002.jpg 1
Janet_Napolitano/Janet_Napolitano_0001.jpg Janet_Napolitano/Janet_Napolitano_0004.jpg 1
Jay_Leno/Jay_Leno_0001.jpg Jay_Leno/Jay_Leno_0003.jpg 1
Jay_Leno/Jay_Leno_0002.jpg Jay_Leno/Jay_Leno_0003.jpg 1
Jean-David_Levitte/Jean-David_Levitte_0001.jpg Jean-David_Levitte/Jean-David_Levitte_0002.jpg 1
Jean-David_Levitte/Jean-David_Levitte_0001.jpg Jean-David_Levitte/Jean-David_Levitte_0004.jpg 1
Jean-David_Levitte/Jean-David_Levitte_0002.jpg Jean-David_Levitte/Jean-David_Levitte_0005.jpg 1
Jean-David_Levitte/Jean-David_Levitte_0003.jpg Jean-David_Levitte/Jean-David_Levitte_0004.jpg 1
Jean-David_Levitte/Jean-David_Levitte_0004.jpg Jean-David_Levitte/Jean-David_Levitte_0009.jpg 1
Jeff_Van_Gundy/Jeff_Van_Gundy_0001.jpg Jeff_Van_Gundy/Jeff_Van_Gundy_0002.jpg 1
Jeff_Van_Gundy/Jeff_Van_Gundy_0001.jpg Jeff_Van_Gundy/Jeff_Van_Gundy_0003.jpg 1
Jeff_Van_Gundy/Jeff_Van_Gundy_0002.jpg Jeff_Van_Gundy/Jeff_Van_Gundy_0003.jpg 1
Jim_Furyk/Jim_Furyk_0001.jpg Jim_Furyk/Jim_Furyk_0006.jpg 1
Jim_Furyk/Jim_Furyk_0003.jpg Jim_Furyk/Jim_Furyk_0006.jpg 1
John_Garamendi/John_Garamendi_0001.jpg John_Garamendi/John_Garamendi_0002.jpg 1
John_Rigas/John_Rigas_0001.jpg John_Rigas/John_Rigas_0002.jpg 1
John_Warner/John_Warner_0001.jpg John_Warner/John_Warner_0002.jpg 1
John_Warner/John_Warner_0001.jpg John_Warner/John_Warner_0003.jpg 1
John_Warner/John_Warner_0002.jpg John_Warner/John_Warner_0004.jpg 1
John_Warner/John_Warner_0003.jpg John_Warner/John_Warner_0004.jpg 1
Julia_Tymoshenko/Julia_Tymoshenko_0001.jpg Julia_Tymoshenko/Julia_Tymoshenko_0002.jpg 1
Julia_Tymoshenko/Julia_Tymoshenko_0001.jpg Julia_Tymoshenko/Julia_Tymoshenko_0003.jpg 1
Julia_Tymoshenko/Julia_Tymoshenko_0002.jpg Julia_Tymoshenko/Julia_Tymoshenko_0003.jpg 1
Keith_Bogans/Keith_Bogans_0001.jpg Keith_Bogans/Keith_Bogans_0003.jpg 1
Keith_Bogans/Keith_Bogans_0002.jpg Keith_Bogans/Keith_Bogans_0003.jpg 1
Ken_Macha/Ken_Macha_0001.jpg Ken_Macha/Ken_Macha_0003.jpg 1
Ken_Macha/Ken_Macha_0002.jpg Ken_Macha/Ken_Macha_0003.jpg 1
Kenneth_Bowersox/Kenneth_Bowersox_0001.jpg Kenneth_Bowersox/Kenneth_Bowersox_0002.jpg 1
Kenneth_Bowersox/Kenneth_Bowersox_0001.jpg Kenneth_Bowersox/Kenneth_Bowersox_0003.jpg 1
Kenneth_Bowersox/Kenneth_Bowersox_0002.jpg Kenneth_Bowersox/Kenneth_Bowersox_0003.jpg 1
Kristanna_Loken/Kristanna_Loken_0001.jpg Kristanna_Loken/Kristanna_Loken_0002.jpg 1
Kristanna_Loken/Kristanna_Loken_0003.jpg Kristanna_Loken/Kristanna_Loken_0004.jpg 1
Kristanna_Loken/Kristanna_Loken_0004.jpg Kristanna_Loken/Kristanna_Loken_0005.jpg 1
LK_Advani/LK_Advani_0001.jpg LK_Advani/LK_Advani_0002.jpg 1
LK_Advani/LK_Advani_0001.jpg LK_Advani/LK_Advani_0003.jpg 1
Lauren_Killian/Lauren_Killian_0001.jpg Lauren_Killian/Lauren_Killian_0002.jpg 1
Lennox_Lewis/Lennox_Lewis_0001.jpg Lennox_Lewis/Lennox_Lewis_0002.jpg 1
Lennox_Lewis/Lennox_Lewis_0001.jpg Lennox_Lewis/Lennox_Lewis_0003.jpg 1
Lili_Taylor/Lili_Taylor_0001.jpg Lili_Taylor/Lili_Taylor_0002.jpg 1
Lily_Tomlin/Lily_Tomlin_0001.jpg Lily_Tomlin/Lily_Tomlin_0002.jpg 1
Lon_Kruger/Lon_Kruger_0001.jpg Lon_Kruger/Lon_Kruger_0002.jpg 1
Lynn_Abraham/Lynn_Abraham_0001.jpg Lynn_Abraham/Lynn_Abraham_0002.jpg 1
Mahmoud_Abbas/Mahmoud_Abbas_0007.jpg Mahmoud_Abbas/Mahmoud_Abbas_0011.jpg 1
Mahmoud_Abbas/Mahmoud_Abbas_0015.jpg Mahmoud_Abbas/Mahmoud_Abbas_0020.jpg 1
Mahmoud_Abbas/Mahmoud_Abbas_0022.jpg Mahmoud_Abbas/Mahmoud_Abbas_0027.jpg 1
Mark_Richt/Mark_Richt_0001.jpg Mark_Richt/Mark_Richt_0002.jpg 1
Mark_Richt/Mark_Richt_0001.jpg Mark_Richt/Mark_Richt_0003.jpg 1
Mary-Kate_Olsen/Mary-Kate_Olsen_0001.jpg Mary-Kate_Olsen/Mary-Kate_Olsen_0002.jpg 1
Mary-Kate_Olsen/Mary-Kate_Olsen_0002.jpg Mary-Kate_Olsen/Mary-Kate_Olsen_0003.jpg 1
Matt_Dillon/Matt_Dillon_0001.jpg Matt_Dillon/Matt_Dillon_0002.jpg 1
Max_Mayfield/Max_Mayfield_0001.jpg Max_Mayfield/Max_Mayfield_0002.jpg 1
Megan_Mullally/Megan_Mullally_0001.jpg Megan_Mullally/Megan_Mullally_0002.jpg 1
Megan_Mullally/Megan_Mullally_0001.jpg Megan_Mullally/Megan_Mullally_0003.jpg 1
Michael_Caine/Michael_Caine_0001.jpg Michael_Caine/Michael_Caine_0002.jpg 1
Michael_Caine/Michael_Caine_0001.jpg Michael_Caine/Michael_Caine_0003.jpg 1
Michael_Caine/Michael_Caine_0003.jpg Michael_Caine/Michael_Caine_0004.jpg 1
Michael_J_Sheehan/Michael_J_Sheehan_0001.jpg Michael_J_Sheehan/Michael_J_Sheehan_0002.jpg 1
Michael_Keaton/Michael_Keaton_0001.jpg Michael_Keaton/Michael_Keaton_0002.jpg 1
Michael_Powell/Michael_Powell_0001.jpg Michael_Powell/Michael_Powell_0002.jpg 1
Michael_Powell/Michael_Powell_0001.jpg Michael_Powell/Michael_Powell_0003.jpg 1
Michael_Powell/Michael_Powell_0001.jpg Michael_Powell/Michael_Powell_0005.jpg 1
Michael_Powell/Michael_Powell_0002.jpg Michael_Powell/Michael_Powell_0003.jpg 1
Michael_Powell/Michael_Powell_0002.jpg Michael_Powell/Michael_Powell_0004.jpg 1
Michael_Powell/Michael_Powell_0002.jpg Michael_Powell/Michael_Powell_0005.jpg 1
Michael_Powell/Michael_Powell_0004.jpg Michael_Powell/Michael_Powell_0005.jpg 1
Miguel_Contreras/Miguel_Contreras_0001.jpg Miguel_Contreras/Miguel_Contreras_0002.jpg 1
Mike_Weir/Mike_Weir_0001.jpg Mike_Weir/Mike_Weir_0006.jpg 1
Mike_Weir/Mike_Weir_0003.jpg Mike_Weir/Mike_Weir_0011.jpg 1
Mikhail_Kasyanov/Mikhail_Kasyanov_0001.jpg Mikhail_Kasyanov/Mikhail_Kasyanov_0002.jpg 1
Mikhail_Kasyanov/Mikhail_Kasyanov_0001.jpg Mikhail_Kasyanov/Mikhail_Kasyanov_0003.jpg 1
Mikhail_Kasyanov/Mikhail_Kasyanov_0003.jpg Mikhail_Kasyanov/Mikhail_Kasyanov_0004.jpg 1
Mohammed_Baqir_al-Hakim/Mohammed_Baqir_al-Hakim_0001.jpg Mohammed_Baqir_al-Hakim/Mohammed_Baqir_al-Hakim_0003.jpg 1
Monica_Lewinsky/Monica_Lewinsky_0001.jpg Monica_Lewinsky/Monica_Lewinsky_0002.jpg 1
Monica_Lewinsky/Monica_Lewinsky_0001.jpg Monica_Lewinsky/Monica_Lewinsky_0003.jpg 1
Monica_Lewinsky/Monica_Lewinsky_0002.jpg Monica_Lewinsky/Monica_Lewinsky_0003.jpg 1
Nan_Wang/Nan_Wang_0001.jpg Nan_Wang/Nan_Wang_0003.jpg 1
Nan_Wang/Nan_Wang_0002.jpg Nan_Wang/Nan_Wang_0003.jpg 1
Nan_Wang/Nan_Wang_0003.jpg Nan_Wang/Nan_Wang_0004.jpg 1
Nancy_Demme/Nancy_Demme_0001.jpg Nancy_Demme/Nancy_Demme_0002.jpg 1
Nancy_Reagan/Nancy_Reagan_0001.jpg Nancy_Reagan/Nancy_Reagan_0002.jpg 1
Naoto_Kan/Naoto_Kan_0001.jpg Naoto_Kan/Naoto_Kan_0003.jpg 1
Naoto_Kan/Naoto_Kan_0002.jpg Naoto_Kan/Naoto_Kan_0003.jpg 1
Natasha_McElhone/Natasha_McElhone_0001.jpg Natasha_McElhone/Natasha_McElhone_0002.jpg 1
Natasha_McElhone/Natasha_McElhone_0001.jpg Natasha_McElhone/Natasha_McElhone_0003.jpg 1
Neri_Marcore/Neri_Marcore_0001.jpg Neri_Marcore/Neri_Marcore_0002.jpg 1
Nicholas_Tse/Nicholas_Tse_0001.jpg Nicholas_Tse/Nicholas_Tse_0002.jpg 1
Nicolas_Escude/Nicolas_Escude_0001.jpg Nicolas_Escude/Nicolas_Escude_0002.jpg 1
Noelle_Bush/Noelle_Bush_0001.jpg Noelle_Bush/Noelle_Bush_0003.jpg 1
Noelle_Bush/Noelle_Bush_0001.jpg Noelle_Bush/Noelle_Bush_0004.jpg 1
Noelle_Bush/Noelle_Bush_0002.jpg Noelle_Bush/Noelle_Bush_0004.jpg 1
Orrin_Hatch/Orrin_Hatch_0001.jpg Orrin_Hatch/Orrin_Hatch_0002.jpg 1
Padraig_Harrington/Padraig_Harrington_0001.jpg Padraig_Harrington/Padraig_Harrington_0003.jpg 1
Padraig_Harrington/Padraig_Harrington_0001.jpg Padraig_Harrington/Padraig_Harrington_0004.jpg 1
Padraig_Harrington/Padraig_Harrington_0002.jpg Padraig_Harrington/Padraig_Harrington_0004.jpg 1
Pedro_Almodovar/Pedro_Almodovar_0001.jpg Pedro_Almodovar/Pedro_Almodovar_0002.jpg 1
Pedro_Almodovar/Pedro_Almodovar_0003.jpg Pedro_Almodovar/Pedro_Almodovar_0005.jpg 1
Pedro_Almodovar/Pedro_Almodovar_0005.jpg Pedro_Almodovar/Pedro_Almodovar_0006.jpg 1
Penelope_Ann_Miller/Penelope_Ann_Miller_0001.jpg Penelope_Ann_Miller/Penelope_Ann_Miller_0002.jpg 1
Peter_Arnett/Peter_Arnett_0001.jpg Peter_Arnett/Peter_Arnett_0003.jpg 1
Peter_Arnett/Peter_Arnett_0002.jpg Peter_Arnett/Peter_Arnett_0003.jpg 1
Petria_Thomas/Petria_Thomas_0001.jpg Petria_Thomas/Petria_Thomas_0002.jpg 1
Petro_Symonenko/Petro_Symonenko_0001.jpg Petro_Symonenko/Petro_Symonenko_0002.jpg 1
Prince_Charles/Prince_Charles_0001.jpg Prince_Charles/Prince_Charles_0002.jpg 1
Prince_Charles/Prince_Charles_0003.jpg Prince_Charles/Prince_Charles_0004.jpg 1
Prince_Charles/Prince_Charles_0003.jpg Prince_Charles/Prince_Charles_0005.jpg 1
Raoul_Ruiz/Raoul_Ruiz_0001.jpg Raoul_Ruiz/Raoul_Ruiz_0002.jpg 1
Raoul_Ruiz/Raoul_Ruiz_0002.jpg Raoul_Ruiz/Raoul_Ruiz_0003.jpg 1
Raoul_Ruiz/Raoul_Ruiz_0002.jpg Raoul_Ruiz/Raoul_Ruiz_0004.jpg 1
Raoul_Ruiz/Raoul_Ruiz_0003.jpg Raoul_Ruiz/Raoul_Ruiz_0004.jpg 1
Ricky_Ponting/Ricky_Ponting_0001.jpg Ricky_Ponting/Ricky_Ponting_0002.jpg 1
Robert_Stack/Robert_Stack_0001.jpg Robert_Stack/Robert_Stack_0002.jpg 1
Robin_Cook/Robin_Cook_0001.jpg Robin_Cook/Robin_Cook_0002.jpg 1
Roger_Federer/Roger_Federer_0004.jpg Roger_Federer/Roger_Federer_0005.jpg 1
Roger_Federer/Roger_Federer_0004.jpg Roger_Federer/Roger_Federer_0007.jpg 1
Roger_Federer/Roger_Federer_0006.jpg Roger_Federer/Roger_Federer_0007.jpg 1
Ronaldo_Luis_Nazario_de_Lima/Ronaldo_Luis_Nazario_de_Lima_0001.jpg Ronaldo_Luis_Nazario_de_Lima/Ronaldo_Luis_Nazario_de_Lima_0004.jpg 1
Ronaldo_Luis_Nazario_de_Lima/Ronaldo_Luis_Nazario_de_Lima_0002.jpg Ronaldo_Luis_Nazario_de_Lima/Ronaldo_Luis_Nazario_de_Lima_0003.jpg 1
Ronaldo_Luis_Nazario_de_Lima/Ronaldo_Luis_Nazario_de_Lima_0002.jpg Ronaldo_Luis_Nazario_de_Lima/Ronaldo_Luis_Nazario_de_Lima_0004.jpg 1
Ronaldo_Luis_Nazario_de_Lima/Ronaldo_Luis_Nazario_de_Lima_0003.jpg Ronaldo_Luis_Nazario_de_Lima/Ronaldo_Luis_Nazario_de_Lima_0004.jpg 1
Roy_Williams/Roy_Williams_0001.jpg Roy_Williams/Roy_Williams_0003.jpg 1
Roy_Williams/Roy_Williams_0002.jpg Roy_Williams/Roy_Williams_0004.jpg 1
Sally_Ride/Sally_Ride_0001.jpg Sally_Ride/Sally_Ride_0002.jpg 1
Scott_McNealy/Scott_McNealy_0001.jpg Scott_McNealy/Scott_McNealy_0002.jpg 1
Scott_Peterson/Scott_Peterson_0001.jpg Scott_Peterson/Scott_Peterson_0002.jpg 1
Scott_Peterson/Scott_Peterson_0001.jpg Scott_Peterson/Scott_Peterson_0005.jpg 1
Scott_Peterson/Scott_Peterson_0002.jpg Scott_Peterson/Scott_Peterson_0005.jpg 1
Scott_Peterson/Scott_Peterson_0003.jpg Scott_Peterson/Scott_Peterson_0004.jpg 1
Scott_Ritter/Scott_Ritter_0001.jpg Scott_Ritter/Scott_Ritter_0002.jpg 1
Sean_OKeefe/Sean_OKeefe_0003.jpg Sean_OKeefe/Sean_OKeefe_0004.jpg 1
Sean_Penn/Sean_Penn_0001.jpg Sean_Penn/Sean_Penn_0002.jpg 1
Sean_Penn/Sean_Penn_0002.jpg Sean_Penn/Sean_Penn_0003.jpg 1
Sebastien_Grosjean/Sebastien_Grosjean_0001.jpg Sebastien_Grosjean/Sebastien_Grosjean_0002.jpg 1
Sebastien_Grosjean/Sebastien_Grosjean_0001.jpg Sebastien_Grosjean/Sebastien_Grosjean_0004.jpg 1
Sharon_Stone/Sharon_Stone_0001.jpg Sharon_Stone/Sharon_Stone_0002.jpg 1
Sharon_Stone/Sharon_Stone_0001.jpg Sharon_Stone/Sharon_Stone_0003.jpg 1
Sharon_Stone/Sharon_Stone_0001.jpg Sharon_Stone/Sharon_Stone_0004.jpg 1
Sharon_Stone/Sharon_Stone_0001.jpg Sharon_Stone/Sharon_Stone_0005.jpg 1
Sharon_Stone/Sharon_Stone_0002.jpg Sharon_Stone/Sharon_Stone_0004.jpg 1
Sonia_Gandhi/Sonia_Gandhi_0001.jpg Sonia_Gandhi/Sonia_Gandhi_0003.jpg 1
Sonia_Gandhi/Sonia_Gandhi_0001.jpg Sonia_Gandhi/Sonia_Gandhi_0004.jpg 1
Steve_Backley/Steve_Backley_0001.jpg Steve_Backley/Steve_Backley_0002.jpg 1
Steven_Hatfill/Steven_Hatfill_0001.jpg Steven_Hatfill/Steven_Hatfill_0002.jpg 1
Tassos_Papadopoulos/Tassos_Papadopoulos_0001.jpg Tassos_Papadopoulos/Tassos_Papadopoulos_0003.jpg 1
Taufik_Hidayat/Taufik_Hidayat_0001.jpg Taufik_Hidayat/Taufik_Hidayat_0002.jpg 1
Taufik_Hidayat/Taufik_Hidayat_0001.jpg Taufik_Hidayat/Taufik_Hidayat_0003.jpg 1
Taufik_Hidayat/Taufik_Hidayat_0002.jpg Taufik_Hidayat/Taufik_Hidayat_0003.jpg 1
Thomas_Malchow/Thomas_Malchow_0001.jpg Thomas_Malchow/Thomas_Malchow_0002.jpg 1
Tom_Cruise/Tom_Cruise_0003.jpg Tom_Cruise/Tom_Cruise_0005.jpg 1
Tom_Cruise/Tom_Cruise_0004.jpg Tom_Cruise/Tom_Cruise_0010.jpg 1
Tom_Cruise/Tom_Cruise_0006.jpg Tom_Cruise/Tom_Cruise_0010.jpg 1
Toni_Braxton/Toni_Braxton_0001.jpg Toni_Braxton/Toni_Braxton_0003.jpg 1
Wayne_Gretzky/Wayne_Gretzky_0001.jpg Wayne_Gretzky/Wayne_Gretzky_0002.jpg 1
Wayne_Gretzky/Wayne_Gretzky_0001.jpg Wayne_Gretzky/Wayne_Gretzky_0004.jpg 1
William_Bulger/William_Bulger_0001.jpg William_Bulger/William_Bulger_0003.jpg 1
William_Bulger/William_Bulger_0002.jpg William_Bulger/William_Bulger_0004.jpg 1
Winona_Ryder/Winona_Ryder_0012.jpg Winona_Ryder/Winona_Ryder_0013.jpg 1
Winona_Ryder/Winona_Ryder_0012.jpg Winona_Ryder/Winona_Ryder_0018.jpg 1
Winona_Ryder/Winona_Ryder_0012.jpg Winona_Ryder/Winona_Ryder_0019.jpg 1
Xanana_Gusmao/Xanana_Gusmao_0001.jpg Xanana_Gusmao/Xanana_Gusmao_0004.jpg 1
Xanana_Gusmao/Xanana_Gusmao_0002.jpg Xanana_Gusmao/Xanana_Gusmao_0003.jpg 1
Xanana_Gusmao/Xanana_Gusmao_0003.jpg Xanana_Gusmao/Xanana_Gusmao_0005.jpg 1
Xanana_Gusmao/Xanana_Gusmao_0004.jpg Xanana_Gusmao/Xanana_Gusmao_0005.jpg 1
Yann_Martel/Yann_Martel_0001.jpg Yann_Martel/Yann_Martel_0002.jpg 1
Yashwant_Sinha/Yashwant_Sinha_0001.jpg Yashwant_Sinha/Yashwant_Sinha_0003.jpg 1
Yashwant_Sinha/Yashwant_Sinha_0001.jpg Yashwant_Sinha/Yashwant_Sinha_0005.jpg 1
Yashwant_Sinha/Yashwant_Sinha_0005.jpg Yashwant_Sinha/Yashwant_Sinha_0007.jpg 1
Aaron_Guiel/Aaron_Guiel_0001.jpg Pascal_Rheaume/Pascal_Rheaume_0001.jpg 0
Aaron_Guiel/Aaron_Guiel_0001.jpg Steve_Zahn/Steve_Zahn_0001.jpg 0
Adrian_Nastase/Adrian_Nastase_0002.jpg Princess_Victoria/Princess_Victoria_0001.jpg 0
Ahmed_Chalabi/Ahmed_Chalabi_0001.jpg Rosario_Dawson/Rosario_Dawson_0001.jpg 0
Ahmed_Ghazi/Ahmed_Ghazi_0001.jpg Julia_Tymoshenko/Julia_Tymoshenko_0003.jpg 0
Ahmet_Demir/Ahmet_Demir_0001.jpg Wally_Szczerbiak/Wally_Szczerbiak_0001.jpg 0
Ain_Seppik/Ain_Seppik_0001.jpg Gerhard_Schroeder/Gerhard_Schroeder_0055.jpg 0
Ain_Seppik/Ain_Seppik_0001.jpg Misty_Dawn_Clymer/Misty_Dawn_Clymer_0001.jpg 0
Ain_Seppik/Ain_Seppik_0001.jpg Raoul_Ruiz/Raoul_Ruiz_0001.jpg 0
Ain_Seppik/Ain_Seppik_0001.jpg Susan_Whelan/Susan_Whelan_0001.jpg 0
Aishwarya_Rai/Aishwarya_Rai_0001.jpg Chloe_Sevigny/Chloe_Sevigny_0001.jpg 0
Aishwarya_Rai/Aishwarya_Rai_0001.jpg Dinah_Turner/Dinah_Turner_0001.jpg 0
Aishwarya_Rai/Aishwarya_Rai_0001.jpg Rosario_Dawson/Rosario_Dawson_0001.jpg 0
Alan_Zemaitis/Alan_Zemaitis_0001.jpg Lauren_Killian/Lauren_Killian_0001.jpg 0
Alex_Cejka/Alex_Cejka_0001.jpg Taufik_Hidayat/Taufik_Hidayat_0002.jpg 0
Alexandre_Daigle/Alexandre_Daigle_0001.jpg Brent_Coles/Brent_Coles_0001.jpg 0
Ali_Bin_Hussein/Ali_Bin_Hussein_0001.jpg Ben_Cahoon/Ben_Cahoon_0001.jpg 0
Ali_Bin_Hussein/Ali_Bin_Hussein_0001.jpg Oswald_Gruebel/Oswald_Gruebel_0001.jpg 0
Ali_Bin_Hussein/Ali_Bin_Hussein_0001.jpg Raf_Vallone/Raf_Vallone_0001.jpg 0
Alimzhan_Tokhtakhounov/Alimzhan_Tokhtakhounov_0001.jpg Jeane_Kirkpatrick/Jeane_Kirkpatrick_0001.jpg 0
Alimzhan_Tokhtakhounov/Alimzhan_Tokhtakhounov_0002.jpg Butch_Davis/Butch_Davis_0001.jpg 0
Alisha_Richman/Alisha_Richman_0001.jpg Camille_Lewis/Camille_Lewis_0001.jpg 0
Alisha_Richman/Alisha_Richman_0001.jpg Katerina_Smrzova/Katerina_Smrzova_0001.jpg 0
Alisha_Richman/Alisha_Richman_0001.jpg Miguel_Rosseto/Miguel_Rosseto_0001.jpg 0
Amelie_Mauresmo/Amelie_Mauresmo_0003.jpg Laura_Flessel/Laura_Flessel_0001.jpg 0
Amelie_Mauresmo/Amelie_Mauresmo_0018.jpg Bob_Colvin/Bob_Colvin_0001.jpg 0
Ana_Claudia_Talancon/Ana_Claudia_Talancon_0001.jpg Piers_Sellers/Piers_Sellers_0001.jpg 0
Andrea_Kiser/Andrea_Kiser_0001.jpg Ellen_Barkin/Ellen_Barkin_0001.jpg 0
Andrea_Kiser/Andrea_Kiser_0001.jpg Imre_Kertasz/Imre_Kertasz_0001.jpg 0
Andrea_Kiser/Andrea_Kiser_0001.jpg Matt_Dillon/Matt_Dillon_0001.jpg 0
Andrea_Kiser/Andrea_Kiser_0001.jpg Yann_Martel/Yann_Martel_0002.jpg 0
Andres_DAlessandro/Andres_DAlessandro_0001.jpg Leticia_Van_de_Putte/Leticia_Van_de_Putte_0001.jpg 0
Andres_DAlessandro/Andres_DAlessandro_0001.jpg Ronaldo_Luis_Nazario_de_Lima/Ronaldo_Luis_Nazario_de_Lima_0001.jpg 0
Anette_Hosoi/Anette_Hosoi_0001.jpg Rolf_Zimmermann/Rolf_Zimmermann_0001.jpg 0
Anette_Hosoi/Anette_Hosoi_0001.jpg Sheila_Taormina/Sheila_Taormina_0001.jpg 0
Anette_Hosoi/Anette_Hosoi_0001.jpg Tora_Takagi/Tora_Takagi_0001.jpg 0
Angelo_Reyes/Angelo_Reyes_0001.jpg Chip_Knight/Chip_Knight_0001.jpg 0
Angelo_Reyes/Angelo_Reyes_0001.jpg Oliver_Neuville/Oliver_Neuville_0001.jpg 0
Anne_Heche/Anne_Heche_0001.jpg Sasha_Alexander/Sasha_Alexander_0001.jpg 0
Anne_Heche/Anne_Heche_0001.jpg Tanya_Lindenmuth/Tanya_Lindenmuth_0001.jpg 0
Antje_Buschschulte/Antje_Buschschulte_0001.jpg Jerry_Angelo/Jerry_Angelo_0001.jpg 0
Anton_Balasingham/Anton_Balasingham_0001.jpg Matt_Siebrandt/Matt_Siebrandt_0001.jpg 0
Anton_Balasingham/Anton_Balasingham_0001.jpg Will_Ferrell/Will_Ferrell_0001.jpg 0
Armando_Avila_Panchame/Armando_Avila_Panchame_0001.jpg Monica_Gabrielle/Monica_Gabrielle_0001.jpg 0
Armando_Avila_Panchame/Armando_Avila_Panchame_0001.jpg Retief_Goosen/Retief_Goosen_0001.jpg 0
BJ_Habibie/BJ_Habibie_0001.jpg Craig_MacTavish/Craig_MacTavish_0001.jpg 0
Baz_Luhrmann/Baz_Luhrmann_0001.jpg Danny_Avalon/Danny_Avalon_0001.jpg 0
Begum_Khaleda_Zia/Begum_Khaleda_Zia_0001.jpg Eric_Idle/Eric_Idle_0001.jpg 0
Begum_Khaleda_Zia/Begum_Khaleda_Zia_0001.jpg Michael_Andretti/Michael_Andretti_0001.jpg 0
Begum_Khaleda_Zia/Begum_Khaleda_Zia_0001.jpg Picabo_Street/Picabo_Street_0001.jpg 0
Ben_Cahoon/Ben_Cahoon_0001.jpg Nate_Blackwell/Nate_Blackwell_0001.jpg 0
Ben_Cahoon/Ben_Cahoon_0001.jpg Roy_Williams/Roy_Williams_0003.jpg 0
Ben_Curtis/Ben_Curtis_0003.jpg Jim_Calhoun/Jim_Calhoun_0001.jpg 0
Benicio_Del_Toro/Benicio_Del_Toro_0001.jpg Elizabeth_Taylor/Elizabeth_Taylor_0001.jpg 0
Benicio_Del_Toro/Benicio_Del_Toro_0001.jpg Ismail_Khan/Ismail_Khan_0001.jpg 0
Benicio_Del_Toro/Benicio_Del_Toro_0001.jpg Tonya_Payne/Tonya_Payne_0001.jpg 0
Bijan_Namdar_Zangeneh/Bijan_Namdar_Zangeneh_0001.jpg Petro_Symonenko/Petro_Symonenko_0001.jpg 0
Billy_Graham/Billy_Graham_0001.jpg Karin_Pilsaeter/Karin_Pilsaeter_0001.jpg 0
Billy_Graham/Billy_Graham_0001.jpg Piers_Sellers/Piers_Sellers_0001.jpg 0
Billy_Graham/Billy_Graham_0002.jpg Howard_Wilkinson/Howard_Wilkinson_0001.jpg 0
Bob_Colvin/Bob_Colvin_0002.jpg Janet_Napolitano/Janet_Napolitano_0001.jpg 0
Boris_Henry/Boris_Henry_0001.jpg John_Reid/John_Reid_0002.jpg 0
Brandon_Boyd/Brandon_Boyd_0001.jpg James_Brosnahan/James_Brosnahan_0001.jpg 0
Brandon_Boyd/Brandon_Boyd_0001.jpg Neil_Moritz/Neil_Moritz_0001.jpg 0
Brent_Coles/Brent_Coles_0001.jpg Zoe_Ball/Zoe_Ball_0001.jpg 0
Brett_Hull/Brett_Hull_0001.jpg Gregorio_Rosal/Gregorio_Rosal_0001.jpg 0
Brett_Hull/Brett_Hull_0001.jpg Kirsten_Clark/Kirsten_Clark_0001.jpg 0
Brett_Hull/Brett_Hull_0001.jpg Ralph_Nader/Ralph_Nader_0001.jpg 0
Brett_Perry/Brett_Perry_0001.jpg Neri_Marcore/Neri_Marcore_0001.jpg 0
Bruce_Willis/Bruce_Willis_0001.jpg Carlos_Juarez/Carlos_Juarez_0001.jpg 0
Bruce_Willis/Bruce_Willis_0001.jpg Jim_Carrey/Jim_Carrey_0001.jpg 0
Bruce_Willis/Bruce_Willis_0001.jpg Petria_Thomas/Petria_Thomas_0002.jpg 0
Bryant_Young/Bryant_Young_0001.jpg Jim_Bollman/Jim_Bollman_0001.jpg 0
Bryant_Young/Bryant_Young_0001.jpg Maurice_Cheeks/Maurice_Cheeks_0001.jpg 0
Buddy_Ryan/Buddy_Ryan_0001.jpg James_Brosnahan/James_Brosnahan_0001.jpg 0
Buddy_Ryan/Buddy_Ryan_0001.jpg Nancy_Reagan/Nancy_Reagan_0002.jpg 0
Butch_Davis/Butch_Davis_0002.jpg Herta_Daeubler-Gmelin/Herta_Daeubler-Gmelin_0002.jpg 0
Byron_Scott/Byron_Scott_0001.jpg Jane_Clayson/Jane_Clayson_0001.jpg 0
Camille_Lewis/Camille_Lewis_0001.jpg Lincoln_Chafee/Lincoln_Chafee_0001.jpg 0
Camille_Lewis/Camille_Lewis_0001.jpg Nathirah_Hussein/Nathirah_Hussein_0001.jpg 0
Carol_Burnett/Carol_Burnett_0001.jpg Raf_Vallone/Raf_Vallone_0001.jpg 0
Carol_Niedermayer/Carol_Niedermayer_0001.jpg Kristin_Scott/Kristin_Scott_0001.jpg 0
Catherine_Ndereba/Catherine_Ndereba_0001.jpg Janet_Napolitano/Janet_Napolitano_0004.jpg 0
Chandrika_Kumaratunga/Chandrika_Kumaratunga_0001.jpg Kevin_Satterfield/Kevin_Satterfield_0001.jpg 0
Charles_Mathews/Charles_Mathews_0001.jpg Will_Ferrell/Will_Ferrell_0001.jpg 0
Charles_Mathews/Charles_Mathews_0002.jpg Kristin_Scott/Kristin_Scott_0001.jpg 0
Charlie_Garner/Charlie_Garner_0001.jpg Luo_Linquan/Luo_Linquan_0001.jpg 0
Charlie_Williams/Charlie_Williams_0001.jpg Julia_Tymoshenko/Julia_Tymoshenko_0001.jpg 0
Cheryl_Ford/Cheryl_Ford_0001.jpg Chris_Cookson/Chris_Cookson_0001.jpg 0
Chip_Knight/Chip_Knight_0001.jpg Ronald_Post/Ronald_Post_0001.jpg 0
Chloe_Sevigny/Chloe_Sevigny_0001.jpg Emyr_Jones_Parry/Emyr_Jones_Parry_0001.jpg 0
Chloe_Sevigny/Chloe_Sevigny_0001.jpg Petria_Thomas/Petria_Thomas_0003.jpg 0
Chris_Cornell/Chris_Cornell_0001.jpg Desmon_Farmer/Desmon_Farmer_0001.jpg 0
Christine_Ebersole/Christine_Ebersole_0002.jpg Paul_Walker/Paul_Walker_0001.jpg 0
Christoph_Daum/Christoph_Daum_0001.jpg Scott_Hubbard/Scott_Hubbard_0001.jpg 0
Christopher_Conyers/Christopher_Conyers_0001.jpg Michael_Milton/Michael_Milton_0001.jpg 0
Christopher_Conyers/Christopher_Conyers_0001.jpg Raoul_Ruiz/Raoul_Ruiz_0001.jpg 0
Chuck_Bednarik/Chuck_Bednarik_0001.jpg Mario_Jardel/Mario_Jardel_0001.jpg 0
Cindy_Zagorski/Cindy_Zagorski_0001.jpg Rosie_Perez/Rosie_Perez_0001.jpg 0
Claudia_Schiffer/Claudia_Schiffer_0001.jpg Lynn_Abraham/Lynn_Abraham_0002.jpg 0
Claudia_Schiffer/Claudia_Schiffer_0003.jpg Lin_Yung_Hsi/Lin_Yung_Hsi_0001.jpg 0
Colin_Cowie/Colin_Cowie_0001.jpg Mstislav_Rostropovich/Mstislav_Rostropovich_0001.jpg 0
Condoleezza_Rice/Condoleezza_Rice_0002.jpg Mehmet_Okur/Mehmet_Okur_0001.jpg 0
Condoleezza_Rice/Condoleezza_Rice_0007.jpg Ryan_Nyquist/Ryan_Nyquist_0001.jpg 0
Costas_Simitis/Costas_Simitis_0002.jpg Lorraine_Fenton/Lorraine_Fenton_0001.jpg 0
Craig_MacTavish/Craig_MacTavish_0001.jpg Vince_Dooley/Vince_Dooley_0001.jpg 0
Cristina_Saralegui/Cristina_Saralegui_0001.jpg Dave_Robertson/Dave_Robertson_0001.jpg 0
Cruz_Bustamante/Cruz_Bustamante_0002.jpg Dean_Barkley/Dean_Barkley_0003.jpg 0
Cyndi_Thompson/Cyndi_Thompson_0001.jpg Nicolas_Escude/Nicolas_Escude_0002.jpg 0
Cyndi_Thompson/Cyndi_Thompson_0002.jpg Owen_Nolan/Owen_Nolan_0001.jpg 0
Dalia_Rabin-Pelosoff/Dalia_Rabin-Pelosoff_0001.jpg Sean_Combs/Sean_Combs_0001.jpg 0
Daniel_Darnell/Daniel_Darnell_0001.jpg Malcolm_Jamal_Warner/Malcolm_Jamal_Warner_0001.jpg 0
Danny_Avalon/Danny_Avalon_0001.jpg Sean_Penn/Sean_Penn_0002.jpg 0
David_Blaine/David_Blaine_0001.jpg Nicholas_Tse/Nicholas_Tse_0002.jpg 0
David_Blaine/David_Blaine_0001.jpg Ramon_Delgado/Ramon_Delgado_0001.jpg 0
David_Heymann/David_Heymann_0003.jpg Norm_Macdonald/Norm_Macdonald_0001.jpg 0
David_Surrett/David_Surrett_0001.jpg Michael_Taylor/Michael_Taylor_0001.jpg 0
David_Tornberg/David_Tornberg_0001.jpg Ricky_Ponting/Ricky_Ponting_0001.jpg 0
Deece_Eckstein/Deece_Eckstein_0001.jpg Diana_Munz/Diana_Munz_0001.jpg 0
Deece_Eckstein/Deece_Eckstein_0001.jpg Tommy_Lewis/Tommy_Lewis_0001.jpg 0
Denis_Coderre/Denis_Coderre_0001.jpg Don_Siegelman/Don_Siegelman_0001.jpg 0
Denis_Coderre/Denis_Coderre_0001.jpg John_Eder/John_Eder_0001.jpg 0
Desmon_Farmer/Desmon_Farmer_0001.jpg Lin_Yung_Hsi/Lin_Yung_Hsi_0001.jpg 0
Diana_Krall/Diana_Krall_0004.jpg Ramon_Delgado/Ramon_Delgado_0001.jpg 0
Dick_Armey/Dick_Armey_0001.jpg Mehmet_Okur/Mehmet_Okur_0001.jpg 0
Dinah_Turner/Dinah_Turner_0001.jpg Mekhi_Phifer/Mekhi_Phifer_0001.jpg 0
Dinah_Turner/Dinah_Turner_0001.jpg Tammy_Helm/Tammy_Helm_0001.jpg 0
Don_Boudria/Don_Boudria_0001.jpg Roy_Chaderton/Roy_Chaderton_0001.jpg 0
Don_Boudria/Don_Boudria_0001.jpg Sananda_Maitreya/Sananda_Maitreya_0001.jpg 0
Don_Matthews/Don_Matthews_0001.jpg Kirsten_Clark/Kirsten_Clark_0001.jpg 0
Don_Matthews/Don_Matthews_0001.jpg Pa_Kou_Hang/Pa_Kou_Hang_0001.jpg 0
Don_Matthews/Don_Matthews_0001.jpg Peter_Arnett/Peter_Arnett_0002.jpg 0
Don_Siegelman/Don_Siegelman_0002.jpg Elizabeth_Taylor/Elizabeth_Taylor_0002.jpg 0
Donald_Pettit/Donald_Pettit_0001.jpg Edward_James_Olmos/Edward_James_Olmos_0002.jpg 0
Doug_Collins/Doug_Collins_0001.jpg Kristanna_Loken/Kristanna_Loken_0005.jpg 0
Dyana_Calub/Dyana_Calub_0001.jpg Ronald_Post/Ronald_Post_0001.jpg 0
Earl_Counter/Earl_Counter_0001.jpg Joe_Friedberg/Joe_Friedberg_0001.jpg 0
Edward_Albee/Edward_Albee_0001.jpg Nicola_Bono/Nicola_Bono_0001.jpg 0
Edward_Belvin/Edward_Belvin_0001.jpg Jacqueline_Gold/Jacqueline_Gold_0001.jpg 0
Edward_James_Olmos/Edward_James_Olmos_0002.jpg Mariano_Zabaleta/Mariano_Zabaleta_0001.jpg 0
Elin_Nordegren/Elin_Nordegren_0001.jpg George_Brumley_III/George_Brumley_III_0001.jpg 0
Elin_Nordegren/Elin_Nordegren_0001.jpg Samantha_Daniels/Samantha_Daniels_0001.jpg 0
Elin_Nordegren/Elin_Nordegren_0002.jpg Leszek_Miller/Leszek_Miller_0003.jpg 0
Elisabeth_Welch/Elisabeth_Welch_0001.jpg Piers_Sellers/Piers_Sellers_0001.jpg 0
Elizabeth_Taylor/Elizabeth_Taylor_0001.jpg Olympia_Dukakis/Olympia_Dukakis_0001.jpg 0
Ellen_DeGeneres/Ellen_DeGeneres_0002.jpg Lorraine_Fenton/Lorraine_Fenton_0001.jpg 0
Elva_Hsiao/Elva_Hsiao_0001.jpg Samantha_Daniels/Samantha_Daniels_0001.jpg 0
Emma_Watson/Emma_Watson_0002.jpg Henry_Hyde/Henry_Hyde_0001.jpg 0
Emyr_Jones_Parry/Emyr_Jones_Parry_0001.jpg Sally_Clark/Sally_Clark_0001.jpg 0
Eric_Ryan_Donnelly/Eric_Ryan_Donnelly_0001.jpg Iain_Duncan_Smith/Iain_Duncan_Smith_0001.jpg 0
Ernesto_Zedillo/Ernesto_Zedillo_0001.jpg Lenny_Kravitz/Lenny_Kravitz_0001.jpg 0
Ernesto_Zedillo/Ernesto_Zedillo_0001.jpg Megan_Mullally/Megan_Mullally_0002.jpg 0
Erwin_Mapasseng/Erwin_Mapasseng_0001.jpg Hilary_Duff/Hilary_Duff_0003.jpg 0
Evelyn_Lauder/Evelyn_Lauder_0001.jpg Nathan_Powell/Nathan_Powell_0001.jpg 0
Fernando_Hierro/Fernando_Hierro_0001.jpg Prince_Charles/Prince_Charles_0002.jpg 0
Flavia_Delaroli/Flavia_Delaroli_0002.jpg John_Warner/John_Warner_0004.jpg 0
Flavia_Delaroli/Flavia_Delaroli_0002.jpg Vanessa_Laine/Vanessa_Laine_0001.jpg 0
Fran_Drescher/Fran_Drescher_0001.jpg Warren_Truss/Warren_Truss_0001.jpg 0
Fran_Drescher/Fran_Drescher_0002.jpg Jay_Leno/Jay_Leno_0003.jpg 0
Frank_Murkowski/Frank_Murkowski_0001.jpg James_Brosnahan/James_Brosnahan_0001.jpg 0
Frank_Stallone/Frank_Stallone_0001.jpg Tommy_Lewis/Tommy_Lewis_0001.jpg 0
Frank_Stallone/Frank_Stallone_0002.jpg Toni_Braxton/Toni_Braxton_0002.jpg 0
Gary_Coleman/Gary_Coleman_0001.jpg Koichi_Tanaka/Koichi_Tanaka_0001.jpg 0
Gary_Coleman/Gary_Coleman_0001.jpg Uri_Lopolianski/Uri_Lopolianski_0001.jpg 0
Gary_Sayler/Gary_Sayler_0001.jpg Ralph_Sampson/Ralph_Sampson_0001.jpg 0
George_Brumley_III/George_Brumley_III_0001.jpg Will_Ferrell/Will_Ferrell_0001.jpg 0
George_Lopez/George_Lopez_0005.jpg Iain_Duncan_Smith/Iain_Duncan_Smith_0001.jpg 0
Georgina_Bardach/Georgina_Bardach_0001.jpg Henry_Hilow/Henry_Hilow_0001.jpg 0
Gilberto_Rodriguez_Orejuela/Gilberto_Rodriguez_Orejuela_0003.jpg Lennox_Lewis/Lennox_Lewis_0001.jpg 0
Gilberto_Rodriguez_Orejuela/Gilberto_Rodriguez_Orejuela_0003.jpg Nancy_Demme/Nancy_Demme_0001.jpg 0
Gordon_Lightfoot/Gordon_Lightfoot_0001.jpg Lima_Azimi/Lima_Azimi_0001.jpg 0
Gordon_Lightfoot/Gordon_Lightfoot_0001.jpg Robert_Nardelli/Robert_Nardelli_0001.jpg 0
Gracia_Burnham/Gracia_Burnham_0001.jpg Jim_Calhoun/Jim_Calhoun_0001.jpg 0
Gregorio_Rosal/Gregorio_Rosal_0001.jpg Richard_Greenberg/Richard_Greenberg_0001.jpg 0
Guenter_Verheugen/Guenter_Verheugen_0001.jpg Kaspar_Villiger/Kaspar_Villiger_0001.jpg 0
Guillermo_Canas/Guillermo_Canas_0001.jpg Tim_Duncan/Tim_Duncan_0002.jpg 0
Guillermo_Canas/Guillermo_Canas_0002.jpg Michalis_Chrisohoides/Michalis_Chrisohoides_0001.jpg 0
Hal_McCoy/Hal_McCoy_0001.jpg Rudolph_Holton/Rudolph_Holton_0001.jpg 0
Hank_Aaron/Hank_Aaron_0001.jpg Steve_Valentine/Steve_Valentine_0001.jpg 0
Hans_Eichel/Hans_Eichel_0001.jpg Jimmy_Iovine/Jimmy_Iovine_0001.jpg 0
Hashan_Tillakaratne/Hashan_Tillakaratne_0001.jpg John_Warner/John_Warner_0003.jpg 0
Heath_Ledger/Heath_Ledger_0002.jpg Melissa_Stark/Melissa_Stark_0001.jpg 0
Henry_Hilow/Henry_Hilow_0001.jpg Monica_Gabrielle/Monica_Gabrielle_0001.jpg 0
Herta_Daeubler-Gmelin/Herta_Daeubler-Gmelin_0002.jpg Koichi_Tanaka/Koichi_Tanaka_0001.jpg 0
Hilary_Duff/Hilary_Duff_0001.jpg Luther_Htu/Luther_Htu_0001.jpg 0
Hun_Sen/Hun_Sen_0002.jpg John_Rigas/John_Rigas_0002.jpg 0
Idi_Amin/Idi_Amin_0001.jpg Stephen_Silas/Stephen_Silas_0001.jpg 0
Isabel_Orellana/Isabel_Orellana_0001.jpg Spike_Helmick/Spike_Helmick_0001.jpg 0
Ismael_Miranda/Ismael_Miranda_0001.jpg Janela_Jara/Janela_Jara_0001.jpg 0
Ismael_Miranda/Ismael_Miranda_0001.jpg Peter_Greenspun/Peter_Greenspun_0001.jpg 0
Ismail_Khan/Ismail_Khan_0001.jpg Malcolm_Jamal_Warner/Malcolm_Jamal_Warner_0001.jpg 0
JK_Rowling/JK_Rowling_0005.jpg Sasha_Alexander/Sasha_Alexander_0001.jpg 0
Jackie_Chan/Jackie_Chan_0003.jpg Jennifer_Gratz/Jennifer_Gratz_0001.jpg 0
Jacqueline_Edwards/Jacqueline_Edwards_0001.jpg Meg_Wakeman/Meg_Wakeman_0001.jpg 0
Jacqueline_Edwards/Jacqueline_Edwards_0001.jpg Noor_Mohammed/Noor_Mohammed_0001.jpg 0
James_Baker/James_Baker_0001.jpg Mike_Tice/Mike_Tice_0001.jpg 0
James_Harris/James_Harris_0001.jpg Keith_Bogans/Keith_Bogans_0002.jpg 0
James_Layug/James_Layug_0001.jpg Ralph_Sampson/Ralph_Sampson_0001.jpg 0
Jane_Clayson/Jane_Clayson_0001.jpg Rene_Antonio_Leon_Rodriguez/Rene_Antonio_Leon_Rodriguez_0001.jpg 0
Jane_Kaczmarek/Jane_Kaczmarek_0002.jpg Morris_Watts/Morris_Watts_0001.jpg 0
Jane_Russell/Jane_Russell_0001.jpg Martin_ONeill/Martin_ONeill_0001.jpg 0
Janela_Jara/Janela_Jara_0001.jpg Kirsten_Clark/Kirsten_Clark_0001.jpg 0
Janela_Jara/Janela_Jara_0001.jpg Pa_Kou_Hang/Pa_Kou_Hang_0001.jpg 0
Janela_Jara/Janela_Jara_0001.jpg Ricky_Cottrill/Ricky_Cottrill_0001.jpg 0
Janet_Napolitano/Janet_Napolitano_0002.jpg Laurie_Laychak/Laurie_Laychak_0001.jpg 0
Javier_Camara/Javier_Camara_0001.jpg Nate_Blackwell/Nate_Blackwell_0001.jpg 0
Jeane_Kirkpatrick/Jeane_Kirkpatrick_0001.jpg Jeff_Van_Gundy/Jeff_Van_Gundy_0003.jpg 0
Jeane_Kirkpatrick/Jeane_Kirkpatrick_0001.jpg Richard_Greenberg/Richard_Greenberg_0001.jpg 0
Jeff_Van_Gundy/Jeff_Van_Gundy_0001.jpg Richard_Naughton/Richard_Naughton_0001.jpg 0
Jeffrey_Katzenberg/Jeffrey_Katzenberg_0001.jpg Susan_Whelan/Susan_Whelan_0001.jpg 0
Jennette_Bradley/Jennette_Bradley_0001.jpg Tammy_Helm/Tammy_Helm_0001.jpg 0
Jim_Furyk/Jim_Furyk_0006.jpg Linn_Thornton/Linn_Thornton_0001.jpg 0
John_Eastman/John_Eastman_0001.jpg Ricky_Ponting/Ricky_Ponting_0001.jpg 0
John_F_Kennedy_Jr/John_F_Kennedy_Jr_0002.jpg Nathan_Powell/Nathan_Powell_0001.jpg 0
John_Garamendi/John_Garamendi_0001.jpg Petro_Symonenko/Petro_Symonenko_0002.jpg 0
John_Madden/John_Madden_0001.jpg Sara_Silverman/Sara_Silverman_0001.jpg 0
Jose_Luis_Rodriguez_Zapatero/Jose_Luis_Rodriguez_Zapatero_0001.jpg Rene_Antonio_Leon_Rodriguez/Rene_Antonio_Leon_Rodriguez_0001.jpg 0
Jose_Luis_Rodriguez_Zapatero/Jose_Luis_Rodriguez_Zapatero_0001.jpg Steve_Lenard/Steve_Lenard_0001.jpg 0
Jose_Santos/Jose_Santos_0001.jpg Michael_Boyce/Michael_Boyce_0001.jpg 0
Joseph_Kabila/Joseph_Kabila_0001.jpg Rose_Linkins/Rose_Linkins_0001.jpg 0
Juan_Francisco_Palencia/Juan_Francisco_Palencia_0001.jpg Kristanna_Loken/Kristanna_Loken_0002.jpg 0
Juan_Francisco_Palencia/Juan_Francisco_Palencia_0001.jpg Warren_Truss/Warren_Truss_0001.jpg 0
Juan_Roman_Riquelme/Juan_Roman_Riquelme_0001.jpg Ralph_Sampson/Ralph_Sampson_0001.jpg 0
Julia_Tymoshenko/Julia_Tymoshenko_0002.jpg Luis_Sanchez/Luis_Sanchez_0001.jpg 0
Karin_Pilsaeter/Karin_Pilsaeter_0001.jpg Mike_Flanagan/Mike_Flanagan_0001.jpg 0
Karin_Pilsaeter/Karin_Pilsaeter_0001.jpg Petria_Thomas/Petria_Thomas_0003.jpg 0
Keith_Bogans/Keith_Bogans_0002.jpg Martin_ONeill/Martin_ONeill_0001.jpg 0
Kelly_Leigh/Kelly_Leigh_0001.jpg Spike_Helmick/Spike_Helmick_0001.jpg 0
Ken_Macha/Ken_Macha_0003.jpg Tommy_Lewis/Tommy_Lewis_0001.jpg 0
Kenneth_Carlsen/Kenneth_Carlsen_0001.jpg Robin_Cook/Robin_Cook_0001.jpg 0
Kevin_Borseth/Kevin_Borseth_0001.jpg Michael_Caine/Michael_Caine_0004.jpg 0
Koichi_Tanaka/Koichi_Tanaka_0001.jpg Ricardo_Lopez_Murphy/Ricardo_Lopez_Murphy_0001.jpg 0
Kristin_Scott/Kristin_Scott_0001.jpg Max_Mayfield/Max_Mayfield_0002.jpg 0
Laura_Flessel/Laura_Flessel_0001.jpg Owen_Nolan/Owen_Nolan_0001.jpg 0
Lauren_Killian/Lauren_Killian_0002.jpg Tommy_Lewis/Tommy_Lewis_0001.jpg 0
Laurie_Laychak/Laurie_Laychak_0001.jpg Pa_Kou_Hang/Pa_Kou_Hang_0001.jpg 0
Lawrence_Di_Rita/Lawrence_Di_Rita_0001.jpg Mekhi_Phifer/Mekhi_Phifer_0001.jpg 0
Lennox_Lewis/Lennox_Lewis_0003.jpg Monte_Kiffin/Monte_Kiffin_0001.jpg 0
Leon_Lai/Leon_Lai_0001.jpg Monica_Lewinsky/Monica_Lewinsky_0001.jpg 0
Leon_Lai/Leon_Lai_0001.jpg Sun_Myung_Moon/Sun_Myung_Moon_0001.jpg 0
Lily_Tomlin/Lily_Tomlin_0001.jpg Marcos_Daniel_Jimenez/Marcos_Daniel_Jimenez_0001.jpg 0
Lily_Tomlin/Lily_Tomlin_0002.jpg Sim_Yong/Sim_Yong_0001.jpg 0
Linn_Thornton/Linn_Thornton_0001.jpg Sherri_Coale/Sherri_Coale_0001.jpg 0
Linn_Thornton/Linn_Thornton_0001.jpg Tom_Cruise/Tom_Cruise_0002.jpg 0
Lloyd_Mudiwa/Lloyd_Mudiwa_0001.jpg Sebastien_Grosjean/Sebastien_Grosjean_0001.jpg 0
Lois_Smart/Lois_Smart_0001.jpg Tavis_Smiley/Tavis_Smiley_0001.jpg 0
Luis_Sanchez/Luis_Sanchez_0001.jpg Petro_Symonenko/Petro_Symonenko_0001.jpg 0
Luo_Linquan/Luo_Linquan_0001.jpg Martin_ONeill/Martin_ONeill_0001.jpg 0
Luther_Htu/Luther_Htu_0001.jpg Steve_Karsay/Steve_Karsay_0001.jpg 0
Lynn_Abraham/Lynn_Abraham_0001.jpg Michael_Keaton/Michael_Keaton_0002.jpg 0
Lynn_Abraham/Lynn_Abraham_0002.jpg Mariano_Zabaleta/Mariano_Zabaleta_0001.jpg 0
Mark_Richt/Mark_Richt_0003.jpg Wilton_Gregory/Wilton_Gregory_0001.jpg 0
Martha_Smith/Martha_Smith_0001.jpg Ray_Sherman/Ray_Sherman_0001.jpg 0
Martin_ONeill/Martin_ONeill_0001.jpg Mike_Weir/Mike_Weir_0011.jpg 0
Mary-Kate_Olsen/Mary-Kate_Olsen_0001.jpg Sim_Yong/Sim_Yong_0001.jpg 0
Matt_Siebrandt/Matt_Siebrandt_0001.jpg Rodney_Dangerfield/Rodney_Dangerfield_0001.jpg 0
Maurice_Cheeks/Maurice_Cheeks_0001.jpg Steve_Austin/Steve_Austin_0001.jpg 0
Mehmet_Okur/Mehmet_Okur_0001.jpg Randy_Travis/Randy_Travis_0001.jpg 0
Michael_McNeely/Michael_McNeely_0001.jpg Sean_Combs/Sean_Combs_0001.jpg 0
Michael_Milton/Michael_Milton_0001.jpg Wilfredo_Moreno/Wilfredo_Moreno_0001.jpg 0
Michael_Powell/Michael_Powell_0001.jpg Scott_Weiland/Scott_Weiland_0001.jpg 0
Miguel_Rosseto/Miguel_Rosseto_0001.jpg Pascal_Rheaume/Pascal_Rheaume_0001.jpg 0
Miguel_Rosseto/Miguel_Rosseto_0001.jpg Ricky_Ponting/Ricky_Ponting_0002.jpg 0
Mike_Flanagan/Mike_Flanagan_0001.jpg Mohammed_Baqir_al-Hakim/Mohammed_Baqir_al-Hakim_0002.jpg 0
Mike_Tice/Mike_Tice_0001.jpg Patti_Smith/Patti_Smith_0001.jpg 0
Mohammed_Baqir_al-Hakim/Mohammed_Baqir_al-Hakim_0002.jpg Tatyana_Tomashova/Tatyana_Tomashova_0001.jpg 0
Mufti_Mohammad_Syed/Mufti_Mohammad_Syed_0001.jpg Raoul_Ruiz/Raoul_Ruiz_0004.jpg 0
Nancy_Demme/Nancy_Demme_0001.jpg Roger_Mahony/Roger_Mahony_0001.jpg 0
Nancy_Reagan/Nancy_Reagan_0001.jpg Rafael_Bielsa/Rafael_Bielsa_0001.jpg 0
Natasha_McElhone/Natasha_McElhone_0002.jpg Robert_Nardelli/Robert_Nardelli_0001.jpg 0
Nathirah_Hussein/Nathirah_Hussein_0001.jpg Susan_Whelan/Susan_Whelan_0001.jpg 0
Neil_Moritz/Neil_Moritz_0001.jpg Roy_Williams/Roy_Williams_0002.jpg 0
Neil_Moritz/Neil_Moritz_0001.jpg Xanana_Gusmao/Xanana_Gusmao_0005.jpg 0
Nelson_Shanks/Nelson_Shanks_0001.jpg Pedro_Martinez/Pedro_Martinez_0001.jpg 0
Nelson_Shanks/Nelson_Shanks_0001.jpg Ren_Qingjin/Ren_Qingjin_0001.jpg 0
Noor_Mohammed/Noor_Mohammed_0001.jpg Scott_Weiland/Scott_Weiland_0001.jpg 0
Oswald_Gruebel/Oswald_Gruebel_0001.jpg Richard_Penniman/Richard_Penniman_0001.jpg 0
Parthiv_Patel/Parthiv_Patel_0001.jpg Tonya_Payne/Tonya_Payne_0001.jpg 0
Pauley_Perrette/Pauley_Perrette_0001.jpg Roy_Williams/Roy_Williams_0004.jpg 0
Peter_Arnett/Peter_Arnett_0002.jpg Rodney_Dangerfield/Rodney_Dangerfield_0001.jpg 0
Peter_Greenspun/Peter_Greenspun_0001.jpg Rod_Thorn/Rod_Thorn_0001.jpg 0
Peter_Harvey/Peter_Harvey_0001.jpg Warren_Truss/Warren_Truss_0001.jpg 0
Raja_Ramani/Raja_Ramani_0001.jpg Richard_Greenberg/Richard_Greenberg_0001.jpg 0
Raja_Ramani/Raja_Ramani_0001.jpg Will_Young/Will_Young_0001.jpg 0
Ralph_Sampson/Ralph_Sampson_0001.jpg Samantha_Daniels/Samantha_Daniels_0001.jpg 0
Raoul_Ruiz/Raoul_Ruiz_0003.jpg Tirunesh_Dibaba/Tirunesh_Dibaba_0001.jpg 0
Ren_Qingjin/Ren_Qingjin_0001.jpg Wilton_Gregory/Wilton_Gregory_0001.jpg 0
Ricardo_Lopez_Murphy/Ricardo_Lopez_Murphy_0002.jpg Roberto_Robaina/Roberto_Robaina_0001.jpg 0
Ricky_Ponting/Ricky_Ponting_0001.jpg Ronaldo_Luis_Nazario_de_Lima/Ronaldo_Luis_Nazario_de_Lima_0004.jpg 0
Robin_Cook/Robin_Cook_0001.jpg Wilton_Gregory/Wilton_Gregory_0001.jpg 0
Roger_Federer/Roger_Federer_0004.jpg Steve_Backley/Steve_Backley_0002.jpg 0
Ronald_Post/Ronald_Post_0001.jpg Steve_Karsay/Steve_Karsay_0001.jpg 0
Ryan_Nyquist/Ryan_Nyquist_0001.jpg Winona_Ryder/Winona_Ryder_0022.jpg 0
Sally_Clark/Sally_Clark_0001.jpg Scott_Ritter/Scott_Ritter_0002.jpg 0
Samantha_Daniels/Samantha_Daniels_0001.jpg Taufik_Hidayat/Taufik_Hidayat_0003.jpg 0
Sherri_Coale/Sherri_Coale_0001.jpg Troy_Garity/Troy_Garity_0001.jpg 0
Steve_Valentine/Steve_Valentine_0001.jpg Toni_Braxton/Toni_Braxton_0002.jpg 0
Tammy_Helm/Tammy_Helm_0001.jpg Tom_Smothers/Tom_Smothers_0001.jpg 0
Tanya_Lindenmuth/Tanya_Lindenmuth_0001.jpg Tora_Takagi/Tora_Takagi_0001.jpg 0
Toni_Braxton/Toni_Braxton_0003.jpg Yann_Martel/Yann_Martel_0002.jpg 0
