Adam_Scott/Adam_Scott_0001.jpg Adam_Scott/Adam_Scott_0002.jpg 1
Ahmad_Masood/Ahmad_Masood_0001.jpg Ahmad_Masood/Ahmad_Masood_0002.jpg 1
Alan_Mulally/Alan_Mulally_0001.jpg Alan_Mulally/Alan_Mulally_0002.jpg 1
Alexander_Rumyantsev/Alexander_Rumyantsev_0001.jpg Alexander_Rumyantsev/Alexander_Rumyantsev_0002.jpg 1
Ali_Abbas/Ali_Abbas_0001.jpg Ali_Abbas/Ali_Abbas_0002.jpg 1
Amanda_Bynes/Amanda_Bynes_0001.jpg Amanda_Bynes/Amanda_Bynes_0002.jpg 1
Amanda_Bynes/Amanda_Bynes_0001.jpg Amanda_Bynes/Amanda_Bynes_0003.jpg 1
Amanda_Bynes/Amanda_Bynes_0001.jpg Amanda_Bynes/Amanda_Bynes_0004.jpg 1
Amanda_Bynes/Amanda_Bynes_0002.jpg Amanda_Bynes/Amanda_Bynes_0003.jpg 1
Andrei_Mikhnevich/Andrei_Mikhnevich_0001.jpg Andrei_Mikhnevich/Andrei_Mikhnevich_0002.jpg 1
Angela_Merkel/Angela_Merkel_0001.jpg Angela_Merkel/Angela_Merkel_0002.jpg 1
Angela_Merkel/Angela_Merkel_0004.jpg Angela_Merkel/Angela_Merkel_0005.jpg 1
Angelina_Jolie/Angelina_Jolie_0001.jpg Angelina_Jolie/Angelina_Jolie_0015.jpg 1
Angelina_Jolie/Angelina_Jolie_0002.jpg Angelina_Jolie/Angelina_Jolie_0011.jpg 1
Angelina_Jolie/Angelina_Jolie_0008.jpg Angelina_Jolie/Angelina_Jolie_0015.jpg 1
Angelina_Jolie/Angelina_Jolie_0009.jpg Angelina_Jolie/Angelina_Jolie_0015.jpg 1
Angelina_Jolie/Angelina_Jolie_0011.jpg Angelina_Jolie/Angelina_Jolie_0020.jpg 1
Anthony_LaPaglia/Anthony_LaPaglia_0001.jpg Anthony_LaPaglia/Anthony_LaPaglia_0002.jpg 1
Arlen_Specter/Arlen_Specter_0001.jpg Arlen_Specter/Arlen_Specter_0002.jpg 1
Atal_Bihari_Vajpayee/Atal_Bihari_Vajpayee_0004.jpg Atal_Bihari_Vajpayee/Atal_Bihari_Vajpayee_0006.jpg 1
Barry_Alvarez/Barry_Alvarez_0001.jpg Barry_Alvarez/Barry_Alvarez_0002.jpg 1
Bill_Belichick/Bill_Belichick_0001.jpg Bill_Belichick/Bill_Belichick_0002.jpg 1
Bill_Sizemore/Bill_Sizemore_0001.jpg Bill_Sizemore/Bill_Sizemore_0002.jpg 1
Boris_Yeltsin/Boris_Yeltsin_0001.jpg Boris_Yeltsin/Boris_Yeltsin_0002.jpg 1
Britney_Spears/Britney_Spears_0004.jpg Britney_Spears/Britney_Spears_0011.jpg 1
Bruce_Van_De_Velde/Bruce_Van_De_Velde_0001.jpg Bruce_Van_De_Velde/Bruce_Van_De_Velde_0002.jpg 1
Camilla_Parker_Bowles/Camilla_Parker_Bowles_0001.jpg Camilla_Parker_Bowles/Camilla_Parker_Bowles_0002.jpg 1
Carolina_Kluft/Carolina_Kluft_0001.jpg Carolina_Kluft/Carolina_Kluft_0002.jpg 1
Carson_Palmer/Carson_Palmer_0001.jpg Carson_Palmer/Carson_Palmer_0003.jpg 1
Carson_Palmer/Carson_Palmer_0002.jpg Carson_Palmer/Carson_Palmer_0003.jpg 1
Catherine_Deneuve/Catherine_Deneuve_0001.jpg Catherine_Deneuve/Catherine_Deneuve_0004.jpg 1
Catherine_Deneuve/Catherine_Deneuve_0002.jpg Catherine_Deneuve/Catherine_Deneuve_0005.jpg 1
Catherine_Deneuve/Catherine_Deneuve_0003.jpg Catherine_Deneuve/Catherine_Deneuve_0005.jpg 1
Cesar_Maia/Cesar_Maia_0001.jpg Cesar_Maia/Cesar_Maia_0002.jpg 1
Charles_Moose/Charles_Moose_0010.jpg Charles_Moose/Charles_Moose_0012.jpg 1
Chen_Liang_Yu/Chen_Liang_Yu_0001.jpg Chen_Liang_Yu/Chen_Liang_Yu_0002.jpg 1
Choi_Sung-hong/Choi_Sung-hong_0001.jpg Choi_Sung-hong/Choi_Sung-hong_0005.jpg 1
Choi_Sung-hong/Choi_Sung-hong_0002.jpg Choi_Sung-hong/Choi_Sung-hong_0004.jpg 1
Choi_Sung-hong/Choi_Sung-hong_0003.jpg Choi_Sung-hong/Choi_Sung-hong_0004.jpg 1
Christina_Aguilera/Christina_Aguilera_0001.jpg Christina_Aguilera/Christina_Aguilera_0002.jpg 1
Christina_Aguilera/Christina_Aguilera_0001.jpg Christina_Aguilera/Christina_Aguilera_0004.jpg 1
Christina_Aguilera/Christina_Aguilera_0002.jpg Christina_Aguilera/Christina_Aguilera_0004.jpg 1
Clara_Harris/Clara_Harris_0001.jpg Clara_Harris/Clara_Harris_0005.jpg 1
Clara_Harris/Clara_Harris_0002.jpg Clara_Harris/Clara_Harris_0004.jpg 1
Coretta_Scott_King/Coretta_Scott_King_0001.jpg Coretta_Scott_King/Coretta_Scott_King_0002.jpg 1
Coretta_Scott_King/Coretta_Scott_King_0001.jpg Coretta_Scott_King/Coretta_Scott_King_0003.jpg 1
Coretta_Scott_King/Coretta_Scott_King_0002.jpg Coretta_Scott_King/Coretta_Scott_King_0003.jpg 1
Courtney_Love/Courtney_Love_0001.jpg Courtney_Love/Courtney_Love_0002.jpg 1
Daniel_Day-Lewis/Daniel_Day-Lewis_0001.jpg Daniel_Day-Lewis/Daniel_Day-Lewis_0003.jpg 1
Daniel_Day-Lewis/Daniel_Day-Lewis_0002.jpg Daniel_Day-Lewis/Daniel_Day-Lewis_0003.jpg 1
Daniela_Hantuchova/Daniela_Hantuchova_0001.jpg Daniela_Hantuchova/Daniela_Hantuchova_0002.jpg 1
Debra_Messing/Debra_Messing_0001.jpg Debra_Messing/Debra_Messing_0002.jpg 1
Dennis_Kucinich/Dennis_Kucinich_0002.jpg Dennis_Kucinich/Dennis_Kucinich_0007.jpg 1
Dick_Latessa/Dick_Latessa_0001.jpg Dick_Latessa/Dick_Latessa_0002.jpg 1
Donald_Rumsfeld/Donald_Rumsfeld_0039.jpg Donald_Rumsfeld/Donald_Rumsfeld_0110.jpg 1
Donald_Rumsfeld/Donald_Rumsfeld_0051.jpg Donald_Rumsfeld/Donald_Rumsfeld_0083.jpg 1
Donald_Rumsfeld/Donald_Rumsfeld_0060.jpg Donald_Rumsfeld/Donald_Rumsfeld_0067.jpg 1
Eduard_Shevardnadze/Eduard_Shevardnadze_0001.jpg Eduard_Shevardnadze/Eduard_Shevardnadze_0005.jpg 1
Edward_Lu/Edward_Lu_0004.jpg Edward_Lu/Edward_Lu_0006.jpg 1
Edwina_Currie/Edwina_Currie_0001.jpg Edwina_Currie/Edwina_Currie_0002.jpg 1
Edwina_Currie/Edwina_Currie_0002.jpg Edwina_Currie/Edwina_Currie_0004.jpg 1
Elizabeth_Shue/Elizabeth_Shue_0001.jpg Elizabeth_Shue/Elizabeth_Shue_0002.jpg 1
Ellen_Engleman/Ellen_Engleman_0001.jpg Ellen_Engleman/Ellen_Engleman_0002.jpg 1
Emma_Thompson/Emma_Thompson_0001.jpg Emma_Thompson/Emma_Thompson_0002.jpg 1
Emma_Thompson/Emma_Thompson_0001.jpg Emma_Thompson/Emma_Thompson_0003.jpg 1
Emma_Thompson/Emma_Thompson_0002.jpg Emma_Thompson/Emma_Thompson_0003.jpg 1
Emmit_Smith/Emmit_Smith_0001.jpg Emmit_Smith/Emmit_Smith_0002.jpg 1
Fayssal_Mekdad/Fayssal_Mekdad_0001.jpg Fayssal_Mekdad/Fayssal_Mekdad_0003.jpg 1
Fayssal_Mekdad/Fayssal_Mekdad_0001.jpg Fayssal_Mekdad/Fayssal_Mekdad_0004.jpg 1
Frances_Fisher/Frances_Fisher_0001.jpg Frances_Fisher/Frances_Fisher_0002.jpg 1
Frank_Griswold/Frank_Griswold_0001.jpg Frank_Griswold/Frank_Griswold_0002.jpg 1
Gary_Forsee/Gary_Forsee_0001.jpg Gary_Forsee/Gary_Forsee_0002.jpg 1
Gloria_Macapagal_Arroyo/Gloria_Macapagal_Arroyo_0003.jpg Gloria_Macapagal_Arroyo/Gloria_Macapagal_Arroyo_0012.jpg 1
Gloria_Macapagal_Arroyo/Gloria_Macapagal_Arroyo_0003.jpg Gloria_Macapagal_Arroyo/Gloria_Macapagal_Arroyo_0025.jpg 1
Gloria_Macapagal_Arroyo/Gloria_Macapagal_Arroyo_0008.jpg Gloria_Macapagal_Arroyo/Gloria_Macapagal_Arroyo_0023.jpg 1
Gregory_Hines/Gregory_Hines_0001.jpg Gregory_Hines/Gregory_Hines_0002.jpg 1
Gus_Van_Sant/Gus_Van_Sant_0001.jpg Gus_Van_Sant/Gus_Van_Sant_0002.jpg 1
Gus_Van_Sant/Gus_Van_Sant_0001.jpg Gus_Van_Sant/Gus_Van_Sant_0003.jpg 1
Gwendal_Peizerat/Gwendal_Peizerat_0001.jpg Gwendal_Peizerat/Gwendal_Peizerat_0002.jpg 1
Gwendal_Peizerat/Gwendal_Peizerat_0001.jpg Gwendal_Peizerat/Gwendal_Peizerat_0003.jpg 1
Hal_Gehman/Hal_Gehman_0002.jpg Hal_Gehman/Hal_Gehman_0004.jpg 1
Hannah_Stockbauer/Hannah_Stockbauer_0001.jpg Hannah_Stockbauer/Hannah_Stockbauer_0002.jpg 1
Harrison_Ford/Harrison_Ford_0001.jpg Harrison_Ford/Harrison_Ford_0012.jpg 1
Heizo_Takenaka/Heizo_Takenaka_0001.jpg Heizo_Takenaka/Heizo_Takenaka_0007.jpg 1
Heizo_Takenaka/Heizo_Takenaka_0003.jpg Heizo_Takenaka/Heizo_Takenaka_0008.jpg 1
Heizo_Takenaka/Heizo_Takenaka_0003.jpg Heizo_Takenaka/Heizo_Takenaka_0009.jpg 1
Hichiro_Naemura/Hichiro_Naemura_0001.jpg Hichiro_Naemura/Hichiro_Naemura_0002.jpg 1
Hipolito_Mejia/Hipolito_Mejia_0001.jpg Hipolito_Mejia/Hipolito_Mejia_0003.jpg 1
Hipolito_Mejia/Hipolito_Mejia_0001.jpg Hipolito_Mejia/Hipolito_Mejia_0004.jpg 1
Holly_Hunter/Holly_Hunter_0002.jpg Holly_Hunter/Holly_Hunter_0006.jpg 1
Holly_Hunter/Holly_Hunter_0003.jpg Holly_Hunter/Holly_Hunter_0007.jpg 1
Igor_Ivanov/Igor_Ivanov_0005.jpg Igor_Ivanov/Igor_Ivanov_0016.jpg 1
Intisar_Ajouri/Intisar_Ajouri_0002.jpg Intisar_Ajouri/Intisar_Ajouri_0003.jpg 1
Jack_Nicholson/Jack_Nicholson_0001.jpg Jack_Nicholson/Jack_Nicholson_0003.jpg 1
James_Blake/James_Blake_0001.jpg James_Blake/James_Blake_0010.jpg 1
James_Blake/James_Blake_0004.jpg James_Blake/James_Blake_0006.jpg 1
James_Blake/James_Blake_0005.jpg James_Blake/James_Blake_0009.jpg 1
James_Kelly/James_Kelly_0004.jpg James_Kelly/James_Kelly_0005.jpg 1
James_Kopp/James_Kopp_0002.jpg James_Kopp/James_Kopp_0004.jpg 1
James_Smith/James_Smith_0001.jpg James_Smith/James_Smith_0002.jpg 1
Jean_Chretien/Jean_Chretien_0002.jpg Jean_Chretien/Jean_Chretien_0039.jpg 1
Jean_Chretien/Jean_Chretien_0006.jpg Jean_Chretien/Jean_Chretien_0040.jpg 1
Jean_Chretien/Jean_Chretien_0008.jpg Jean_Chretien/Jean_Chretien_0035.jpg 1
Jean_Chretien/Jean_Chretien_0019.jpg Jean_Chretien/Jean_Chretien_0028.jpg 1
Jean_Chretien/Jean_Chretien_0028.jpg Jean_Chretien/Jean_Chretien_0052.jpg 1
Jean_Chretien/Jean_Chretien_0029.jpg Jean_Chretien/Jean_Chretien_0037.jpg 1
Jean_Chretien/Jean_Chretien_0034.jpg Jean_Chretien/Jean_Chretien_0036.jpg 1
Jeffrey_Immelt/Jeffrey_Immelt_0001.jpg Jeffrey_Immelt/Jeffrey_Immelt_0002.jpg 1
Jennifer_Aniston/Jennifer_Aniston_0001.jpg Jennifer_Aniston/Jennifer_Aniston_0007.jpg 1
Jennifer_Aniston/Jennifer_Aniston_0001.jpg Jennifer_Aniston/Jennifer_Aniston_0016.jpg 1
Jennifer_Aniston/Jennifer_Aniston_0006.jpg Jennifer_Aniston/Jennifer_Aniston_0021.jpg 1
Jerry_Falwell/Jerry_Falwell_0001.jpg Jerry_Falwell/Jerry_Falwell_0002.jpg 1
Jesse_Harris/Jesse_Harris_0001.jpg Jesse_Harris/Jesse_Harris_0003.jpg 1
Jesse_Harris/Jesse_Harris_0002.jpg Jesse_Harris/Jesse_Harris_0003.jpg 1
Joan_Claybrook/Joan_Claybrook_0001.jpg Joan_Claybrook/Joan_Claybrook_0002.jpg 1
Joe_Calzaghe/Joe_Calzaghe_0001.jpg Joe_Calzaghe/Joe_Calzaghe_0002.jpg 1
Joe_Nichols/Joe_Nichols_0001.jpg Joe_Nichols/Joe_Nichols_0003.jpg 1
Joe_Nichols/Joe_Nichols_0002.jpg Joe_Nichols/Joe_Nichols_0004.jpg 1
Joe_Nichols/Joe_Nichols_0003.jpg Joe_Nichols/Joe_Nichols_0004.jpg 1
Joerg_Haider/Joerg_Haider_0001.jpg Joerg_Haider/Joerg_Haider_0002.jpg 1
John_Abizaid/John_Abizaid_0001.jpg John_Abizaid/John_Abizaid_0002.jpg 1
John_Abizaid/John_Abizaid_0001.jpg John_Abizaid/John_Abizaid_0007.jpg 1
John_Abizaid/John_Abizaid_0002.jpg John_Abizaid/John_Abizaid_0003.jpg 1
John_Abizaid/John_Abizaid_0004.jpg John_Abizaid/John_Abizaid_0007.jpg 1
John_Abizaid/John_Abizaid_0004.jpg John_Abizaid/John_Abizaid_0008.jpg 1
John_Abizaid/John_Abizaid_0005.jpg John_Abizaid/John_Abizaid_0006.jpg 1
John_Jumper/John_Jumper_0001.jpg John_Jumper/John_Jumper_0002.jpg 1
John_Mayer/John_Mayer_0001.jpg John_Mayer/John_Mayer_0002.jpg 1
John_Mayer/John_Mayer_0001.jpg John_Mayer/John_Mayer_0003.jpg 1
John_Negroponte/John_Negroponte_0005.jpg John_Negroponte/John_Negroponte_0026.jpg 1
John_Negroponte/John_Negroponte_0008.jpg John_Negroponte/John_Negroponte_0017.jpg 1
John_Negroponte/John_Negroponte_0028.jpg John_Negroponte/John_Negroponte_0030.jpg 1
John_Reilly/John_Reilly_0001.jpg John_Reilly/John_Reilly_0002.jpg 1
John_Rowland/John_Rowland_0001.jpg John_Rowland/John_Rowland_0002.jpg 1
Johnny_Depp/Johnny_Depp_0001.jpg Johnny_Depp/Johnny_Depp_0002.jpg 1
Jon_Corzine/Jon_Corzine_0001.jpg Jon_Corzine/Jon_Corzine_0002.jpg 1
Jose_Dirceu/Jose_Dirceu_0001.jpg Jose_Dirceu/Jose_Dirceu_0002.jpg 1
Jose_Sarney/Jose_Sarney_0001.jpg Jose_Sarney/Jose_Sarney_0003.jpg 1
Joseph_Estrada/Joseph_Estrada_0001.jpg Joseph_Estrada/Joseph_Estrada_0003.jpg 1
Joseph_Estrada/Joseph_Estrada_0002.jpg Joseph_Estrada/Joseph_Estrada_0003.jpg 1
Juan_Carlos_Ferrero/Juan_Carlos_Ferrero_0009.jpg Juan_Carlos_Ferrero/Juan_Carlos_Ferrero_0017.jpg 1
Jude_Law/Jude_Law_0001.jpg Jude_Law/Jude_Law_0002.jpg 1
Katherine_Harris/Katherine_Harris_0001.jpg Katherine_Harris/Katherine_Harris_0002.jpg 1
Katherine_Harris/Katherine_Harris_0001.jpg Katherine_Harris/Katherine_Harris_0004.jpg 1
Katherine_Harris/Katherine_Harris_0003.jpg Katherine_Harris/Katherine_Harris_0004.jpg 1
Kelly_Clarkson/Kelly_Clarkson_0001.jpg Kelly_Clarkson/Kelly_Clarkson_0002.jpg 1
Kiki_Vandeweghe/Kiki_Vandeweghe_0001.jpg Kiki_Vandeweghe/Kiki_Vandeweghe_0002.jpg 1
Kofi_Annan/Kofi_Annan_0008.jpg Kofi_Annan/Kofi_Annan_0014.jpg 1
Kofi_Annan/Kofi_Annan_0008.jpg Kofi_Annan/Kofi_Annan_0032.jpg 1
Kofi_Annan/Kofi_Annan_0013.jpg Kofi_Annan/Kofi_Annan_0025.jpg 1
Lance_Bass/Lance_Bass_0001.jpg Lance_Bass/Lance_Bass_0004.jpg 1
Lance_Bass/Lance_Bass_0002.jpg Lance_Bass/Lance_Bass_0004.jpg 1
Lance_Bass/Lance_Bass_0002.jpg Lance_Bass/Lance_Bass_0005.jpg 1
Lance_Bass/Lance_Bass_0004.jpg Lance_Bass/Lance_Bass_0005.jpg 1
Laurent_Gbagbo/Laurent_Gbagbo_0001.jpg Laurent_Gbagbo/Laurent_Gbagbo_0002.jpg 1
Lee_Soo-hyuck/Lee_Soo-hyuck_0001.jpg Lee_Soo-hyuck/Lee_Soo-hyuck_0002.jpg 1
Leslie_Caldwell/Leslie_Caldwell_0002.jpg Leslie_Caldwell/Leslie_Caldwell_0003.jpg 1
Li_Zhaoxing/Li_Zhaoxing_0002.jpg Li_Zhaoxing/Li_Zhaoxing_0007.jpg 1
Liu_Mingkang/Liu_Mingkang_0001.jpg Liu_Mingkang/Liu_Mingkang_0002.jpg 1
Luciano_Pavarotti/Luciano_Pavarotti_0001.jpg Luciano_Pavarotti/Luciano_Pavarotti_0002.jpg 1
Luis_Gonzalez_Macchi/Luis_Gonzalez_Macchi_0001.jpg Luis_Gonzalez_Macchi/Luis_Gonzalez_Macchi_0002.jpg 1
Luis_Gonzalez_Macchi/Luis_Gonzalez_Macchi_0002.jpg Luis_Gonzalez_Macchi/Luis_Gonzalez_Macchi_0004.jpg 1
Luis_Gonzalez_Macchi/Luis_Gonzalez_Macchi_0003.jpg Luis_Gonzalez_Macchi/Luis_Gonzalez_Macchi_0004.jpg 1
Luis_Gonzalez_Macchi/Luis_Gonzalez_Macchi_0003.jpg Luis_Gonzalez_Macchi/Luis_Gonzalez_Macchi_0005.jpg 1
Luis_Horna/Luis_Horna_0001.jpg Luis_Horna/Luis_Horna_0004.jpg 1
Luis_Horna/Luis_Horna_0002.jpg Luis_Horna/Luis_Horna_0004.jpg 1
Luiz_Inacio_Lula_da_Silva/Luiz_Inacio_Lula_da_Silva_0002.jpg Luiz_Inacio_Lula_da_Silva/Luiz_Inacio_Lula_da_Silva_0009.jpg 1
Luiz_Inacio_Lula_da_Silva/Luiz_Inacio_Lula_da_Silva_0002.jpg Luiz_Inacio_Lula_da_Silva/Luiz_Inacio_Lula_da_Silva_0039.jpg 1
Luiz_Inacio_Lula_da_Silva/Luiz_Inacio_Lula_da_Silva_0004.jpg Luiz_Inacio_Lula_da_Silva/Luiz_Inacio_Lula_da_Silva_0008.jpg 1
Luiz_Inacio_Lula_da_Silva/Luiz_Inacio_Lula_da_Silva_0007.jpg Luiz_Inacio_Lula_da_Silva/Luiz_Inacio_Lula_da_Silva_0036.jpg 1
Luiz_Inacio_Lula_da_Silva/Luiz_Inacio_Lula_da_Silva_0010.jpg Luiz_Inacio_Lula_da_Silva/Luiz_Inacio_Lula_da_Silva_0019.jpg 1
Luiz_Inacio_Lula_da_Silva/Luiz_Inacio_Lula_da_Silva_0011.jpg Luiz_Inacio_Lula_da_Silva/Luiz_Inacio_Lula_da_Silva_0044.jpg 1
Luiz_Inacio_Lula_da_Silva/Luiz_Inacio_Lula_da_Silva_0028.jpg Luiz_Inacio_Lula_da_Silva/Luiz_Inacio_Lula_da_Silva_0044.jpg 1
Madeleine_Albright/Madeleine_Albright_0001.jpg Madeleine_Albright/Madeleine_Albright_0002.jpg 1
Madeleine_Albright/Madeleine_Albright_0002.jpg Madeleine_Albright/Madeleine_Albright_0003.jpg 1
Marcus_Gronholm/Marcus_Gronholm_0001.jpg Marcus_Gronholm/Marcus_Gronholm_0002.jpg 1
Marissa_Jaret_Winokur/Marissa_Jaret_Winokur_0001.jpg Marissa_Jaret_Winokur/Marissa_Jaret_Winokur_0002.jpg 1
Mark_Geragos/Mark_Geragos_0001.jpg Mark_Geragos/Mark_Geragos_0002.jpg 1
Mark_Philippoussis/Mark_Philippoussis_0002.jpg Mark_Philippoussis/Mark_Philippoussis_0007.jpg 1
Mark_Philippoussis/Mark_Philippoussis_0003.jpg Mark_Philippoussis/Mark_Philippoussis_0011.jpg 1
Mark_Philippoussis/Mark_Philippoussis_0004.jpg Mark_Philippoussis/Mark_Philippoussis_0006.jpg 1
Mark_Philippoussis/Mark_Philippoussis_0004.jpg Mark_Philippoussis/Mark_Philippoussis_0009.jpg 1
Mark_Philippoussis/Mark_Philippoussis_0006.jpg Mark_Philippoussis/Mark_Philippoussis_0007.jpg 1
Mark_Philippoussis/Mark_Philippoussis_0006.jpg Mark_Philippoussis/Mark_Philippoussis_0009.jpg 1
Mark_Philippoussis/Mark_Philippoussis_0007.jpg Mark_Philippoussis/Mark_Philippoussis_0009.jpg 1
Markus_Naslund/Markus_Naslund_0001.jpg Markus_Naslund/Markus_Naslund_0002.jpg 1
Martha_Lucia_Ramirez/Martha_Lucia_Ramirez_0002.jpg Martha_Lucia_Ramirez/Martha_Lucia_Ramirez_0004.jpg 1
Martha_Lucia_Ramirez/Martha_Lucia_Ramirez_0003.jpg Martha_Lucia_Ramirez/Martha_Lucia_Ramirez_0004.jpg 1
Meryl_Streep/Meryl_Streep_0014.jpg Meryl_Streep/Meryl_Streep_0015.jpg 1
Mesut_Yilmaz/Mesut_Yilmaz_0001.jpg Mesut_Yilmaz/Mesut_Yilmaz_0002.jpg 1
Michael_Schumacher/Michael_Schumacher_0002.jpg Michael_Schumacher/Michael_Schumacher_0013.jpg 1
Michael_Schumacher/Michael_Schumacher_0002.jpg Michael_Schumacher/Michael_Schumacher_0017.jpg 1
Michael_Schumacher/Michael_Schumacher_0010.jpg Michael_Schumacher/Michael_Schumacher_0011.jpg 1
Michael_Schumacher/Michael_Schumacher_0013.jpg Michael_Schumacher/Michael_Schumacher_0018.jpg 1
Michel_Temer/Michel_Temer_0001.jpg Michel_Temer/Michel_Temer_0002.jpg 1
Michelle_Yeoh/Michelle_Yeoh_0001.jpg Michelle_Yeoh/Michelle_Yeoh_0002.jpg 1
Michelle_Yeoh/Michelle_Yeoh_0002.jpg Michelle_Yeoh/Michelle_Yeoh_0005.jpg 1
Monica_Seles/Monica_Seles_0001.jpg Monica_Seles/Monica_Seles_0003.jpg 1
Monica_Seles/Monica_Seles_0002.jpg Monica_Seles/Monica_Seles_0006.jpg 1
Monica_Seles/Monica_Seles_0004.jpg Monica_Seles/Monica_Seles_0005.jpg 1
Moshe_Katsav/Moshe_Katsav_0001.jpg Moshe_Katsav/Moshe_Katsav_0002.jpg 1
Moshe_Katsav/Moshe_Katsav_0002.jpg Moshe_Katsav/Moshe_Katsav_0003.jpg 1
Muhammad_Saeed_al-Sahhaf/Muhammad_Saeed_al-Sahhaf_0002.jpg Muhammad_Saeed_al-Sahhaf/Muhammad_Saeed_al-Sahhaf_0005.jpg 1
Muhammad_Saeed_al-Sahhaf/Muhammad_Saeed_al-Sahhaf_0003.jpg Muhammad_Saeed_al-Sahhaf/Muhammad_Saeed_al-Sahhaf_0004.jpg 1
Muhammad_Saeed_al-Sahhaf/Muhammad_Saeed_al-Sahhaf_0003.jpg Muhammad_Saeed_al-Sahhaf/Muhammad_Saeed_al-Sahhaf_0005.jpg 1
Nancy_Sinatra/Nancy_Sinatra_0001.jpg Nancy_Sinatra/Nancy_Sinatra_0002.jpg 1
Nicanor_Duarte_Frutos/Nicanor_Duarte_Frutos_0003.jpg Nicanor_Duarte_Frutos/Nicanor_Duarte_Frutos_0006.jpg 1
Nicanor_Duarte_Frutos/Nicanor_Duarte_Frutos_0003.jpg Nicanor_Duarte_Frutos/Nicanor_Duarte_Frutos_0007.jpg 1
Nicanor_Duarte_Frutos/Nicanor_Duarte_Frutos_0003.jpg Nicanor_Duarte_Frutos/Nicanor_Duarte_Frutos_0011.jpg 1
Patti_Labelle/Patti_Labelle_0002.jpg Patti_Labelle/Patti_Labelle_0003.jpg 1
Paul_Pierce/Paul_Pierce_0001.jpg Paul_Pierce/Paul_Pierce_0002.jpg 1
Paul_Shanley/Paul_Shanley_0002.jpg Paul_Shanley/Paul_Shanley_0003.jpg 1
Phil_Mickelson/Phil_Mickelson_0001.jpg Phil_Mickelson/Phil_Mickelson_0002.jpg 1
Princess_Anne/Princess_Anne_0001.jpg Princess_Anne/Princess_Anne_0002.jpg 1
Princess_Elisabeth/Princess_Elisabeth_0001.jpg Princess_Elisabeth/Princess_Elisabeth_0002.jpg 1
Priscilla_Owen/Priscilla_Owen_0001.jpg Priscilla_Owen/Priscilla_Owen_0002.jpg 1
Queen_Rania/Queen_Rania_0002.jpg Queen_Rania/Queen_Rania_0003.jpg 1
Rachel_Hunter/Rachel_Hunter_0001.jpg Rachel_Hunter/Rachel_Hunter_0004.jpg 1
Rachel_Hunter/Rachel_Hunter_0002.jpg Rachel_Hunter/Rachel_Hunter_0003.jpg 1
Rachel_Hunter/Rachel_Hunter_0003.jpg Rachel_Hunter/Rachel_Hunter_0004.jpg 1
Rafael_Ramirez/Rafael_Ramirez_0001.jpg Rafael_Ramirez/Rafael_Ramirez_0002.jpg 1
Rafael_Ramirez/Rafael_Ramirez_0002.jpg Rafael_Ramirez/Rafael_Ramirez_0003.jpg 1
Rafael_Ramirez/Rafael_Ramirez_0002.jpg Rafael_Ramirez/Rafael_Ramirez_0004.jpg 1
Ralph_Lauren/Ralph_Lauren_0001.jpg Ralph_Lauren/Ralph_Lauren_0002.jpg 1
Recep_Tayyip_Erdogan/Recep_Tayyip_Erdogan_0002.jpg Recep_Tayyip_Erdogan/Recep_Tayyip_Erdogan_0016.jpg 1
Recep_Tayyip_Erdogan/Recep_Tayyip_Erdogan_0017.jpg Recep_Tayyip_Erdogan/Recep_Tayyip_Erdogan_0019.jpg 1
Reese_Witherspoon/Reese_Witherspoon_0003.jpg Reese_Witherspoon/Reese_Witherspoon_0004.jpg 1
Richard_Armitage/Richard_Armitage_0002.jpg Richard_Armitage/Richard_Armitage_0005.jpg 1
Richard_Armitage/Richard_Armitage_0006.jpg Richard_Armitage/Richard_Armitage_0007.jpg 1
Richard_Armitage/Richard_Armitage_0006.jpg Richard_Armitage/Richard_Armitage_0009.jpg 1
Richard_Armitage/Richard_Armitage_0008.jpg Richard_Armitage/Richard_Armitage_0009.jpg 1
Richard_Gephardt/Richard_Gephardt_0002.jpg Richard_Gephardt/Richard_Gephardt_0010.jpg 1
Richard_Gephardt/Richard_Gephardt_0003.jpg Richard_Gephardt/Richard_Gephardt_0011.jpg 1
Richard_Gephardt/Richard_Gephardt_0005.jpg Richard_Gephardt/Richard_Gephardt_0009.jpg 1
Richard_Gephardt/Richard_Gephardt_0010.jpg Richard_Gephardt/Richard_Gephardt_0011.jpg 1
Richard_Norton-Taylor/Richard_Norton-Taylor_0001.jpg Richard_Norton-Taylor/Richard_Norton-Taylor_0002.jpg 1
Richie_Adubato/Richie_Adubato_0001.jpg Richie_Adubato/Richie_Adubato_0002.jpg 1
Robert_Bullock/Robert_Bullock_0001.jpg Robert_Bullock/Robert_Bullock_0002.jpg 1
Robert_Mueller/Robert_Mueller_0004.jpg Robert_Mueller/Robert_Mueller_0005.jpg 1
Robert_Mugabe/Robert_Mugabe_0001.jpg Robert_Mugabe/Robert_Mugabe_0002.jpg 1
Robert_Zoellick/Robert_Zoellick_0002.jpg Robert_Zoellick/Robert_Zoellick_0003.jpg 1
Robert_Zoellick/Robert_Zoellick_0003.jpg Robert_Zoellick/Robert_Zoellick_0007.jpg 1
Roberto_Benigni/Roberto_Benigni_0001.jpg Roberto_Benigni/Roberto_Benigni_0002.jpg 1
Roh_Moo-hyun/Roh_Moo-hyun_0028.jpg Roh_Moo-hyun/Roh_Moo-hyun_0032.jpg 1
Roman_Polanski/Roman_Polanski_0002.jpg Roman_Polanski/Roman_Polanski_0003.jpg 1
Roman_Polanski/Roman_Polanski_0004.jpg Roman_Polanski/Roman_Polanski_0006.jpg 1
Ron_Howard/Ron_Howard_0001.jpg Ron_Howard/Ron_Howard_0002.jpg 1
Ronald_Reagan/Ronald_Reagan_0001.jpg Ronald_Reagan/Ronald_Reagan_0003.jpg 1
Ronald_Reagan/Ronald_Reagan_0002.jpg Ronald_Reagan/Ronald_Reagan_0003.jpg 1
Rosemarie_Stack/Rosemarie_Stack_0001.jpg Rosemarie_Stack/Rosemarie_Stack_0002.jpg 1
Roy_Jones_Jr/Roy_Jones_Jr_0001.jpg Roy_Jones_Jr/Roy_Jones_Jr_0002.jpg 1
Rupert_Murdoch/Rupert_Murdoch_0001.jpg Rupert_Murdoch/Rupert_Murdoch_0002.jpg 1
Saburo_Kawabuchi/Saburo_Kawabuchi_0001.jpg Saburo_Kawabuchi/Saburo_Kawabuchi_0002.jpg 1
Sam_Mendes/Sam_Mendes_0001.jpg Sam_Mendes/Sam_Mendes_0002.jpg 1
Sam_Torrance/Sam_Torrance_0001.jpg Sam_Torrance/Sam_Torrance_0002.jpg 1
Sam_Torrance/Sam_Torrance_0001.jpg Sam_Torrance/Sam_Torrance_0003.jpg 1
Sam_Torrance/Sam_Torrance_0002.jpg Sam_Torrance/Sam_Torrance_0003.jpg 1
Sergei_Ivanov/Sergei_Ivanov_0001.jpg Sergei_Ivanov/Sergei_Ivanov_0003.jpg 1
Sergio_Vieira_De_Mello/Sergio_Vieira_De_Mello_0001.jpg Sergio_Vieira_De_Mello/Sergio_Vieira_De_Mello_0002.jpg 1
Sergio_Vieira_De_Mello/Sergio_Vieira_De_Mello_0004.jpg Sergio_Vieira_De_Mello/Sergio_Vieira_De_Mello_0009.jpg 1
Sergio_Vieira_De_Mello/Sergio_Vieira_De_Mello_0007.jpg Sergio_Vieira_De_Mello/Sergio_Vieira_De_Mello_0008.jpg 1
Sergio_Vieira_De_Mello/Sergio_Vieira_De_Mello_0008.jpg Sergio_Vieira_De_Mello/Sergio_Vieira_De_Mello_0011.jpg 1
Shannon_OBrien/Shannon_OBrien_0001.jpg Shannon_OBrien/Shannon_OBrien_0002.jpg 1
Sheila_Fraser/Sheila_Fraser_0001.jpg Sheila_Fraser/Sheila_Fraser_0002.jpg 1
Shimon_Peres/Shimon_Peres_0001.jpg Shimon_Peres/Shimon_Peres_0003.jpg 1
Shimon_Peres/Shimon_Peres_0003.jpg Shimon_Peres/Shimon_Peres_0004.jpg 1
Shimon_Peres/Shimon_Peres_0004.jpg Shimon_Peres/Shimon_Peres_0007.jpg 1
Sourav_Ganguly/Sourav_Ganguly_0001.jpg Sourav_Ganguly/Sourav_Ganguly_0003.jpg 1
Stanley_McChrystal/Stanley_McChrystal_0001.jpg Stanley_McChrystal/Stanley_McChrystal_0003.jpg 1
Stanley_McChrystal/Stanley_McChrystal_0002.jpg Stanley_McChrystal/Stanley_McChrystal_0003.jpg 1
Steve_Lavin/Steve_Lavin_0001.jpg Steve_Lavin/Steve_Lavin_0004.jpg 1
Strom_Thurmond/Strom_Thurmond_0001.jpg Strom_Thurmond/Strom_Thurmond_0003.jpg 1
Surakait_Sathirathai/Surakait_Sathirathai_0001.jpg Surakait_Sathirathai/Surakait_Sathirathai_0002.jpg 1
Susan_Collins/Susan_Collins_0001.jpg Susan_Collins/Susan_Collins_0002.jpg 1
Tariq_Aziz/Tariq_Aziz_0003.jpg Tariq_Aziz/Tariq_Aziz_0005.jpg 1
Terry_Stotts/Terry_Stotts_0001.jpg Terry_Stotts/Terry_Stotts_0002.jpg 1
Thaksin_Shinawatra/Thaksin_Shinawatra_0005.jpg Thaksin_Shinawatra/Thaksin_Shinawatra_0006.jpg 1
Thomas_OBrien/Thomas_OBrien_0003.jpg Thomas_OBrien/Thomas_OBrien_0009.jpg 1
Tim_Chapman/Tim_Chapman_0001.jpg Tim_Chapman/Tim_Chapman_0002.jpg 1
Tom_Hanks/Tom_Hanks_0001.jpg Tom_Hanks/Tom_Hanks_0007.jpg 1
Tom_Hanks/Tom_Hanks_0004.jpg Tom_Hanks/Tom_Hanks_0006.jpg 1
Tom_Hanks/Tom_Hanks_0004.jpg Tom_Hanks/Tom_Hanks_0009.jpg 1
Tom_Hanks/Tom_Hanks_0005.jpg Tom_Hanks/Tom_Hanks_0006.jpg 1
Tom_Reilly/Tom_Reilly_0001.jpg Tom_Reilly/Tom_Reilly_0002.jpg 1
Tom_Reilly/Tom_Reilly_0002.jpg Tom_Reilly/Tom_Reilly_0003.jpg 1
Tommy_Franks/Tommy_Franks_0002.jpg Tommy_Franks/Tommy_Franks_0004.jpg 1
Tommy_Franks/Tommy_Franks_0004.jpg Tommy_Franks/Tommy_Franks_0008.jpg 1
Valery_Giscard_dEstaing/Valery_Giscard_dEstaing_0001.jpg Valery_Giscard_dEstaing/Valery_Giscard_dEstaing_0002.jpg 1
Valery_Giscard_dEstaing/Valery_Giscard_dEstaing_0001.jpg Valery_Giscard_dEstaing/Valery_Giscard_dEstaing_0006.jpg 1
Vanessa_Williams/Vanessa_Williams_0001.jpg Vanessa_Williams/Vanessa_Williams_0002.jpg 1
Vanessa_Williams/Vanessa_Williams_0002.jpg Vanessa_Williams/Vanessa_Williams_0003.jpg 1
Victoria_Beckham/Victoria_Beckham_0001.jpg Victoria_Beckham/Victoria_Beckham_0002.jpg 1
Victoria_Beckham/Victoria_Beckham_0001.jpg Victoria_Beckham/Victoria_Beckham_0003.jpg 1
Victoria_Beckham/Victoria_Beckham_0002.jpg Victoria_Beckham/Victoria_Beckham_0003.jpg 1
Vladimir_Putin/Vladimir_Putin_0016.jpg Vladimir_Putin/Vladimir_Putin_0021.jpg 1
Vladimir_Putin/Vladimir_Putin_0022.jpg Vladimir_Putin/Vladimir_Putin_0031.jpg 1
Warren_Beatty/Warren_Beatty_0001.jpg Warren_Beatty/Warren_Beatty_0002.jpg 1
Yasar_Yakis/Yasar_Yakis_0001.jpg Yasar_Yakis/Yasar_Yakis_0004.jpg 1
Yoko_Ono/Yoko_Ono_0001.jpg Yoko_Ono/Yoko_Ono_0004.jpg 1
Yoko_Ono/Yoko_Ono_0002.jpg Yoko_Ono/Yoko_Ono_0004.jpg 1
AJ_Lamas/AJ_Lamas_0001.jpg Chris_Penn/Chris_Penn_0001.jpg 0
Ahmed_Qureia/Ahmed_Qureia_0001.jpg Stanley_McChrystal/Stanley_McChrystal_0003.jpg 0
Ahmet_Necdet_Sezer/Ahmet_Necdet_Sezer_0001.jpg John_Rowe/John_Rowe_0001.jpg 0
Alan_Dreher/Alan_Dreher_0001.jpg Emily_Mason/Emily_Mason_0001.jpg 0
Alan_Dreher/Alan_Dreher_0001.jpg Francisco_Santos/Francisco_Santos_0001.jpg 0
Alan_Dreher/Alan_Dreher_0001.jpg Robert_Bullock/Robert_Bullock_0002.jpg 0
Alan_Mulally/Alan_Mulally_0002.jpg Tomomi_Morita/Tomomi_Morita_0001.jpg 0
Alan_Stonecipher/Alan_Stonecipher_0001.jpg Luis_Gonzalez/Luis_Gonzalez_0001.jpg 0
Alberto_Ruiz_Gallardon/Alberto_Ruiz_Gallardon_0001.jpg James_Smith/James_Smith_0002.jpg 0
Alessandra_Cerna/Alessandra_Cerna_0001.jpg John_Darby/John_Darby_0001.jpg 0
Alessandra_Cerna/Alessandra_Cerna_0001.jpg John_Rowland/John_Rowland_0002.jpg 0
Alessandra_Cerna/Alessandra_Cerna_0001.jpg Marina_Canetti/Marina_Canetti_0001.jpg 0
Alessandra_Cerna/Alessandra_Cerna_0001.jpg Randy_Jackson/Randy_Jackson_0001.jpg 0
Alessandra_Cerna/Alessandra_Cerna_0001.jpg Richard_Jewell/Richard_Jewell_0001.jpg 0
Alex_Cabrera/Alex_Cabrera_0001.jpg Fred_Huff/Fred_Huff_0001.jpg 0
Alex_Cabrera/Alex_Cabrera_0001.jpg Tommy_Franks/Tommy_Franks_0009.jpg 0
Alex_Corretja/Alex_Corretja_0001.jpg Jacky_Cheung/Jacky_Cheung_0001.jpg 0
Alexandra_Spann/Alexandra_Spann_0001.jpg Beth_Blough/Beth_Blough_0001.jpg 0
Ali_Hammoud/Ali_Hammoud_0001.jpg Randy_Jackson/Randy_Jackson_0001.jpg 0
Almeida_Baptista/Almeida_Baptista_0001.jpg Jan_Peter_Balkenende/Jan_Peter_Balkenende_0001.jpg 0
Almeida_Baptista/Almeida_Baptista_0001.jpg Jason_Mewes/Jason_Mewes_0001.jpg 0
Almeida_Baptista/Almeida_Baptista_0001.jpg Taoufik_Mathlouthi/Taoufik_Mathlouthi_0001.jpg 0
Amanda_Bynes/Amanda_Bynes_0002.jpg Grant_Rossenmeyer/Grant_Rossenmeyer_0001.jpg 0
Amy_Cotton/Amy_Cotton_0001.jpg Matt_Walters/Matt_Walters_0001.jpg 0
Amy_Cotton/Amy_Cotton_0001.jpg Roberto_Guaterroma/Roberto_Guaterroma_0001.jpg 0
Andrew_Jarecki/Andrew_Jarecki_0001.jpg Barbara_Boxer/Barbara_Boxer_0001.jpg 0
Andrew_Jarecki/Andrew_Jarecki_0001.jpg Tessa_Jowell/Tessa_Jowell_0001.jpg 0
Andy_North/Andy_North_0001.jpg Eric_Hinske/Eric_Hinske_0001.jpg 0
Andy_North/Andy_North_0001.jpg Marina_Kuptsova/Marina_Kuptsova_0001.jpg 0
Andy_North/Andy_North_0001.jpg Phil_Bennett/Phil_Bennett_0001.jpg 0
Angela_Merkel/Angela_Merkel_0002.jpg Hal_Gehman/Hal_Gehman_0001.jpg 0
Angela_Merkel/Angela_Merkel_0003.jpg Anna_Jones/Anna_Jones_0001.jpg 0
Angela_Merkel/Angela_Merkel_0003.jpg Frank_Griswold/Frank_Griswold_0001.jpg 0
Anna_Jones/Anna_Jones_0001.jpg Ray_Romano/Ray_Romano_0008.jpg 0
Anthony_LaPaglia/Anthony_LaPaglia_0001.jpg Roberto_Guaterroma/Roberto_Guaterroma_0001.jpg 0
Arlen_Specter/Arlen_Specter_0001.jpg Bill_Butler/Bill_Butler_0001.jpg 0
Arlen_Specter/Arlen_Specter_0002.jpg Barbara_Boxer/Barbara_Boxer_0001.jpg 0
Atal_Bihari_Vajpayee/Atal_Bihari_Vajpayee_0003.jpg Ruben_Sierra/Ruben_Sierra_0001.jpg 0
Atsushi_Sato/Atsushi_Sato_0001.jpg Monica_Serra/Monica_Serra_0001.jpg 0
Baburam_Bhattari/Baburam_Bhattari_0001.jpg Muhammad_Saeed_al-Sahhaf/Muhammad_Saeed_al-Sahhaf_0004.jpg 0
Barry_Alvarez/Barry_Alvarez_0001.jpg John_Jones/John_Jones_0001.jpg 0
Bill_Belichick/Bill_Belichick_0001.jpg John_Petty/John_Petty_0001.jpg 0
Bill_Belichick/Bill_Belichick_0001.jpg Phillipe_Comtois/Phillipe_Comtois_0001.jpg 0
Bill_Belichick/Bill_Belichick_0002.jpg Roger_Machado/Roger_Machado_0001.jpg 0
Bill_Byrne/Bill_Byrne_0001.jpg Bill_Sizemore/Bill_Sizemore_0001.jpg 0
Bill_Curry/Bill_Curry_0001.jpg Ellen_Martin/Ellen_Martin_0001.jpg 0
Bill_Curry/Bill_Curry_0001.jpg Richard_Langille/Richard_Langille_0001.jpg 0
Bill_Curry/Bill_Curry_0001.jpg Roberto_Guaterroma/Roberto_Guaterroma_0001.jpg 0
Billy_Beane/Billy_Beane_0001.jpg Tom_Welch/Tom_Welch_0001.jpg 0
Boris_Trajkovski/Boris_Trajkovski_0001.jpg Laurent_Gbagbo/Laurent_Gbagbo_0002.jpg 0
Brad_Brownell/Brad_Brownell_0001.jpg Hussam_Mohammed_Amin/Hussam_Mohammed_Amin_0001.jpg 0
Brandon_Fails/Brandon_Fails_0001.jpg Christian_Lirette/Christian_Lirette_0001.jpg 0
Brandon_Fails/Brandon_Fails_0001.jpg Ellen_Engleman/Ellen_Engleman_0002.jpg 0
Brandon_Inge/Brandon_Inge_0001.jpg Eric_Lloyd/Eric_Lloyd_0001.jpg 0
Brenda_Magana/Brenda_Magana_0001.jpg Nikolay_Davydenko/Nikolay_Davydenko_0001.jpg 0
Brian_Jordan/Brian_Jordan_0001.jpg Joe_Cravens/Joe_Cravens_0001.jpg 0
Brian_Lara/Brian_Lara_0001.jpg John_Darby/John_Darby_0001.jpg 0
Brian_Lara/Brian_Lara_0001.jpg Stanley_Nelson/Stanley_Nelson_0001.jpg 0
Calvin_Harrison/Calvin_Harrison_0001.jpg Luis_Gonzalez_Macchi/Luis_Gonzalez_Macchi_0003.jpg 0
Calvin_Harrison/Calvin_Harrison_0001.jpg Richard_Gephardt/Richard_Gephardt_0009.jpg 0
Calvin_Harrison/Calvin_Harrison_0001.jpg Suzanne_Fox/Suzanne_Fox_0001.jpg 0
Camilla_Parker_Bowles/Camilla_Parker_Bowles_0002.jpg Gustavo_Franco/Gustavo_Franco_0001.jpg 0
Carina_Lau_Ka-ling/Carina_Lau_Ka-ling_0001.jpg Lin_Yi-fu/Lin_Yi-fu_0001.jpg 0
Carlos_Ortega/Carlos_Ortega_0003.jpg Lionel_Hampton/Lionel_Hampton_0001.jpg 0
Carolina_Kluft/Carolina_Kluft_0003.jpg Gwen_Stefani/Gwen_Stefani_0001.jpg 0
Carson_Palmer/Carson_Palmer_0003.jpg Richard_Jewell/Richard_Jewell_0001.jpg 0
Catherine_Deneuve/Catherine_Deneuve_0004.jpg Jade_Jagger/Jade_Jagger_0001.jpg 0
Catriona_Le_May_Doan/Catriona_Le_May_Doan_0001.jpg Craig_Burley/Craig_Burley_0001.jpg 0
Catriona_Le_May_Doan/Catriona_Le_May_Doan_0001.jpg Phil_Mickelson/Phil_Mickelson_0001.jpg 0
Charlie_Deane/Charlie_Deane_0001.jpg Queen_Silvia/Queen_Silvia_0001.jpg 0
Charlotte_Church/Charlotte_Church_0001.jpg Kaoru_Hasuike/Kaoru_Hasuike_0001.jpg 0
Charlotte_Church/Charlotte_Church_0001.jpg Sourav_Ganguly/Sourav_Ganguly_0001.jpg 0
Cheryl_Hines/Cheryl_Hines_0001.jpg Du_Qinglin/Du_Qinglin_0001.jpg 0
Cheryl_Hines/Cheryl_Hines_0001.jpg Lane_Odom/Lane_Odom_0001.jpg 0
Chin-Hui_Tsao/Chin-Hui_Tsao_0001.jpg Rosemarie_Stack/Rosemarie_Stack_0001.jpg 0
Choi_Sung-hong/Choi_Sung-hong_0004.jpg Debra_Messing/Debra_Messing_0001.jpg 0
Choi_Sung-hong/Choi_Sung-hong_0004.jpg Frederique_van_der_Wal/Frederique_van_der_Wal_0001.jpg 0
Chris_Penn/Chris_Penn_0001.jpg Phil_Bennett/Phil_Bennett_0001.jpg 0
Chris_Penn/Chris_Penn_0001.jpg Taoufik_Mathlouthi/Taoufik_Mathlouthi_0001.jpg 0
Christian_Lirette/Christian_Lirette_0001.jpg Sargis_Sargsian/Sargis_Sargsian_0001.jpg 0
Christina_Aguilera/Christina_Aguilera_0002.jpg Joshua_Harapko/Joshua_Harapko_0001.jpg 0
Christina_Aguilera/Christina_Aguilera_0004.jpg Jerry_Falwell/Jerry_Falwell_0002.jpg 0
Christopher_Amolsch/Christopher_Amolsch_0001.jpg Steve_Pagliuca/Steve_Pagliuca_0001.jpg 0
Christopher_Matero/Christopher_Matero_0001.jpg Valery_Giscard_dEstaing/Valery_Giscard_dEstaing_0001.jpg 0
Claudine_Farrell/Claudine_Farrell_0001.jpg Mike_Miller/Mike_Miller_0002.jpg 0
Clive_Woodward/Clive_Woodward_0001.jpg Douglas_Faneuil/Douglas_Faneuil_0001.jpg 0
Clive_Woodward/Clive_Woodward_0001.jpg Jose_Sarney/Jose_Sarney_0002.jpg 0
Coretta_Scott_King/Coretta_Scott_King_0001.jpg Robert_Torricelli/Robert_Torricelli_0001.jpg 0
Cori_Enghusen/Cori_Enghusen_0001.jpg Ernie_Stewart/Ernie_Stewart_0001.jpg 0
Courtney_Love/Courtney_Love_0001.jpg Jennifer_Aniston/Jennifer_Aniston_0003.jpg 0
Courtney_Love/Courtney_Love_0001.jpg Ruben_Sierra/Ruben_Sierra_0001.jpg 0
Craig_Burley/Craig_Burley_0001.jpg Stanley_McChrystal/Stanley_McChrystal_0003.jpg 0
Daniel_Coats/Daniel_Coats_0001.jpg Kathryn_Grayson/Kathryn_Grayson_0001.jpg 0
Daniel_Day-Lewis/Daniel_Day-Lewis_0003.jpg Scott_Yates/Scott_Yates_0001.jpg 0
Daniela_Hantuchova/Daniela_Hantuchova_0001.jpg Jan_Peter_Balkenende/Jan_Peter_Balkenende_0001.jpg 0
Danny_Green/Danny_Green_0001.jpg Rodrigo_Rato/Rodrigo_Rato_0001.jpg 0
Darin_Erstad/Darin_Erstad_0001.jpg Steve_Fehr/Steve_Fehr_0001.jpg 0
Daryl_Smith/Daryl_Smith_0001.jpg Reese_Witherspoon/Reese_Witherspoon_0004.jpg 0
David_Hanson/David_Hanson_0001.jpg Richard_Norton-Taylor/Richard_Norton-Taylor_0001.jpg 0
David_Hilt/David_Hilt_0001.jpg Hipolito_Mejia/Hipolito_Mejia_0003.jpg 0
Dennis_Franchione/Dennis_Franchione_0001.jpg Hugh_Miller/Hugh_Miller_0001.jpg 0
Dennis_Kucinich/Dennis_Kucinich_0003.jpg Sam_Torrance/Sam_Torrance_0002.jpg 0
Dennis_Kucinich/Dennis_Kucinich_0004.jpg Radovan_Karadzic/Radovan_Karadzic_0001.jpg 0
Dennis_Kucinich/Dennis_Kucinich_0006.jpg Iain_Anderson/Iain_Anderson_0001.jpg 0
Derek_Bond/Derek_Bond_0001.jpg John_Jumper/John_Jumper_0001.jpg 0
Diane_Ladd/Diane_Ladd_0001.jpg Trevor_Watson/Trevor_Watson_0001.jpg 0
Dick_Latessa/Dick_Latessa_0001.jpg John_Burnett/John_Burnett_0001.jpg 0
Dick_Latessa/Dick_Latessa_0002.jpg Martha_Beatriz_Roque/Martha_Beatriz_Roque_0001.jpg 0
Didier_Defago/Didier_Defago_0001.jpg Jerry_Falwell/Jerry_Falwell_0002.jpg 0
Don_Hewitt/Don_Hewitt_0001.jpg Guennadi_Chipouline/Guennadi_Chipouline_0001.jpg 0
Donald_Carty/Donald_Carty_0001.jpg Ernie_Stewart/Ernie_Stewart_0001.jpg 0
Donald_Carty/Donald_Carty_0001.jpg Jeffrey_Immelt/Jeffrey_Immelt_0002.jpg 0
Donald_Carty/Donald_Carty_0001.jpg Vladimir_Putin/Vladimir_Putin_0034.jpg 0
Du_Qinglin/Du_Qinglin_0001.jpg Meryl_Streep/Meryl_Streep_0007.jpg 0
Dustan_Mohr/Dustan_Mohr_0001.jpg Edward_Flynn/Edward_Flynn_0001.jpg 0
Dustan_Mohr/Dustan_Mohr_0001.jpg Enrik_Vendt/Enrik_Vendt_0001.jpg 0
Dustan_Mohr/Dustan_Mohr_0001.jpg Nikolay_Davydenko/Nikolay_Davydenko_0001.jpg 0
Dustan_Mohr/Dustan_Mohr_0001.jpg Sourav_Ganguly/Sourav_Ganguly_0005.jpg 0
Dustan_Mohr/Dustan_Mohr_0001.jpg Theo_Angelopoulos/Theo_Angelopoulos_0001.jpg 0
E_Clay_Shaw/E_Clay_Shaw_0001.jpg Jerry_Jones/Jerry_Jones_0001.jpg 0
Eduard_Shevardnadze/Eduard_Shevardnadze_0003.jpg Martha_Lucia_Ramirez/Martha_Lucia_Ramirez_0001.jpg 0
Edward_Flynn/Edward_Flynn_0001.jpg Madeleine_Albright/Madeleine_Albright_0002.jpg 0
Edward_Lu/Edward_Lu_0001.jpg Robert_Zoellick/Robert_Zoellick_0007.jpg 0
Edwina_Currie/Edwina_Currie_0004.jpg Eric_Hinske/Eric_Hinske_0002.jpg 0
Elena_de_Chavez/Elena_de_Chavez_0001.jpg Jack_Goodman/Jack_Goodman_0001.jpg 0
Elizabeth_Shue/Elizabeth_Shue_0001.jpg Odai_Hussein/Odai_Hussein_0001.jpg 0
Elizabeth_Shue/Elizabeth_Shue_0002.jpg Princess_Hisako/Princess_Hisako_0001.jpg 0
Elizabeth_Shue/Elizabeth_Shue_0002.jpg Terry_Stotts/Terry_Stotts_0001.jpg 0
Ellen_Engleman/Ellen_Engleman_0001.jpg Guennadi_Chipouline/Guennadi_Chipouline_0001.jpg 0
Ellen_Saracini/Ellen_Saracini_0001.jpg Ray_Romano/Ray_Romano_0006.jpg 0
Elsa_Zylberstein/Elsa_Zylberstein_0002.jpg Matt_Braker/Matt_Braker_0001.jpg 0
Elvis_Stojko/Elvis_Stojko_0001.jpg Jerry_Falwell/Jerry_Falwell_0001.jpg 0
Elvis_Stojko/Elvis_Stojko_0001.jpg Robert_Mueller/Robert_Mueller_0005.jpg 0
Emma_Thompson/Emma_Thompson_0003.jpg Nathan_Doudney/Nathan_Doudney_0001.jpg 0
Emmit_Smith/Emmit_Smith_0002.jpg Rafael_Ramirez/Rafael_Ramirez_0004.jpg 0
Enrik_Vendt/Enrik_Vendt_0001.jpg Lane_Odom/Lane_Odom_0001.jpg 0
Enrique_Oliu/Enrique_Oliu_0001.jpg Markus_Naslund/Markus_Naslund_0001.jpg 0
Enrique_Oliu/Enrique_Oliu_0001.jpg William_McDonough/William_McDonough_0001.jpg 0
Eric_Hinske/Eric_Hinske_0001.jpg Juan_Antonio_Samaranch/Juan_Antonio_Samaranch_0001.jpg 0
Eric_Lloyd/Eric_Lloyd_0001.jpg Jessica_Alba/Jessica_Alba_0002.jpg 0
Eric_Lloyd/Eric_Lloyd_0001.jpg Valery_Giscard_dEstaing/Valery_Giscard_dEstaing_0001.jpg 0
Ernie_Harwell/Ernie_Harwell_0001.jpg Queen_Beatrix/Queen_Beatrix_0003.jpg 0
Felipe_Perez_Roque/Felipe_Perez_Roque_0002.jpg MC_Hammer/MC_Hammer_0001.jpg 0
Frank_Griswold/Frank_Griswold_0001.jpg Yana_Klochkova/Yana_Klochkova_0001.jpg 0
Frank_Zappa/Frank_Zappa_0001.jpg Markus_Naslund/Markus_Naslund_0001.jpg 0
Frederique_van_der_Wal/Frederique_van_der_Wal_0001.jpg Pedro_Mahecha/Pedro_Mahecha_0001.jpg 0
Frederique_van_der_Wal/Frederique_van_der_Wal_0001.jpg Raja_Zafar-ul-Haq/Raja_Zafar-ul-Haq_0001.jpg 0
Gary_Leon_Ridgway/Gary_Leon_Ridgway_0001.jpg Robert_Wagner/Robert_Wagner_0001.jpg 0
Gary_Leon_Ridgway/Gary_Leon_Ridgway_0001.jpg Scott_Yates/Scott_Yates_0001.jpg 0
Gary_Leon_Ridgway/Gary_Leon_Ridgway_0001.jpg Yana_Klochkova/Yana_Klochkova_0001.jpg 0
Gene_Keady/Gene_Keady_0001.jpg Mark_Sacco/Mark_Sacco_0001.jpg 0
George_Gregan/George_Gregan_0001.jpg John_Negroponte/John_Negroponte_0027.jpg 0
Glen_DaSilva/Glen_DaSilva_0001.jpg Rachel_Hunter/Rachel_Hunter_0004.jpg 0
Glen_DaSilva/Glen_DaSilva_0001.jpg Robert_Mugabe/Robert_Mugabe_0002.jpg 0
Glen_Sather/Glen_Sather_0001.jpg Leslie_Caldwell/Leslie_Caldwell_0003.jpg 0
Glen_Sather/Glen_Sather_0001.jpg Trevor_Watson/Trevor_Watson_0001.jpg 0
Goran_Zivkovic/Goran_Zivkovic_0001.jpg Lee_Soo-hyuck/Lee_Soo-hyuck_0002.jpg 0
Goran_Zivkovic/Goran_Zivkovic_0001.jpg Martha_Sahagun_de_Fox/Martha_Sahagun_de_Fox_0001.jpg 0
Goran_Zivkovic/Goran_Zivkovic_0001.jpg Shane_Reynolds/Shane_Reynolds_0001.jpg 0
Grant_Rossenmeyer/Grant_Rossenmeyer_0001.jpg Trevor_Watson/Trevor_Watson_0001.jpg 0
Gregory_Hines/Gregory_Hines_0001.jpg Marcus_Gronholm/Marcus_Gronholm_0002.jpg 0
Guennadi_Chipouline/Guennadi_Chipouline_0001.jpg Tom_Lantos/Tom_Lantos_0001.jpg 0
Guillermo_Ortiz/Guillermo_Ortiz_0001.jpg Nestor_Santillan/Nestor_Santillan_0001.jpg 0
Guillermo_Ortiz/Guillermo_Ortiz_0002.jpg Strom_Thurmond/Strom_Thurmond_0002.jpg 0
Gus_Van_Sant/Gus_Van_Sant_0003.jpg Natalie_Stewart/Natalie_Stewart_0001.jpg 0
Gwen_Stefani/Gwen_Stefani_0001.jpg Hugh_Miller/Hugh_Miller_0001.jpg 0
Gwendal_Peizerat/Gwendal_Peizerat_0003.jpg Turner_Stevenson/Turner_Stevenson_0001.jpg 0
Hal_Gehman/Hal_Gehman_0001.jpg Scott_Yates/Scott_Yates_0001.jpg 0
Hamad_Bin_Isa_al-Khalifa/Hamad_Bin_Isa_al-Khalifa_0001.jpg Marta_Dominguz/Marta_Dominguz_0001.jpg 0
Harrison_Ford/Harrison_Ford_0002.jpg Marcus_Gronholm/Marcus_Gronholm_0001.jpg 0
Harvey_Wachsman/Harvey_Wachsman_0001.jpg Narayan_Singh_Pun/Narayan_Singh_Pun_0001.jpg 0
Heather_Locklear/Heather_Locklear_0001.jpg John_Mayer/John_Mayer_0003.jpg 0
Heather_Locklear/Heather_Locklear_0001.jpg Pablo_Khulental/Pablo_Khulental_0001.jpg 0
Hichiro_Naemura/Hichiro_Naemura_0002.jpg Richard_Jewell/Richard_Jewell_0001.jpg 0
Hipolito_Mejia/Hipolito_Mejia_0003.jpg Jim_Ahern/Jim_Ahern_0001.jpg 0
Holly_Hunter/Holly_Hunter_0003.jpg Joshua_Perper/Joshua_Perper_0001.jpg 0
Hugh_Hefner/Hugh_Hefner_0001.jpg Sam_Mendes/Sam_Mendes_0001.jpg 0
Iain_Anderson/Iain_Anderson_0001.jpg James_Kopp/James_Kopp_0002.jpg 0
Iain_Anderson/Iain_Anderson_0001.jpg Recep_Tayyip_Erdogan/Recep_Tayyip_Erdogan_0012.jpg 0
Ilan_Goldfajn/Ilan_Goldfajn_0001.jpg Jennifer_Aniston/Jennifer_Aniston_0017.jpg 0
Ilie_Nastase/Ilie_Nastase_0001.jpg Michael_Lopez-Alegria/Michael_Lopez-Alegria_0001.jpg 0
Intisar_Ajouri/Intisar_Ajouri_0003.jpg Lin_Yi-fu/Lin_Yi-fu_0001.jpg 0
Itamar_Franco/Itamar_Franco_0001.jpg Jessica_Alba/Jessica_Alba_0001.jpg 0
Jack_Goodman/Jack_Goodman_0001.jpg Kirsten_Dunst/Kirsten_Dunst_0001.jpg 0
Jack_Goodman/Jack_Goodman_0001.jpg Saburo_Kawabuchi/Saburo_Kawabuchi_0002.jpg 0
Jack_Nicholson/Jack_Nicholson_0001.jpg Pat_Wharton/Pat_Wharton_0001.jpg 0
Jack_Valenti/Jack_Valenti_0001.jpg Shinzo_Abe/Shinzo_Abe_0001.jpg 0
Jake_Plummer/Jake_Plummer_0001.jpg Jose_Dirceu/Jose_Dirceu_0002.jpg 0
Jakob_Kellenberger/Jakob_Kellenberger_0001.jpg Lara_Logan/Lara_Logan_0001.jpg 0
Jakob_Kellenberger/Jakob_Kellenberger_0001.jpg Pedro_Mahecha/Pedro_Mahecha_0001.jpg 0
James_Maguire/James_Maguire_0001.jpg Ronald_Reagan/Ronald_Reagan_0001.jpg 0
James_Smith/James_Smith_0002.jpg Kyra_Sedgwick/Kyra_Sedgwick_0001.jpg 0
Jason_Statham/Jason_Statham_0001.jpg Kwame_Kilpatrick/Kwame_Kilpatrick_0001.jpg 0
Jawad_Boulus/Jawad_Boulus_0001.jpg Narayan_Singh_Pun/Narayan_Singh_Pun_0001.jpg 0
Jean-Rene_Fourtou/Jean-Rene_Fourtou_0001.jpg Roh_Moo-hyun/Roh_Moo-hyun_0028.jpg 0
Jeannette_Biedermann/Jeannette_Biedermann_0001.jpg Kenny_Brack/Kenny_Brack_0001.jpg 0
Jennifer_Granholm/Jennifer_Granholm_0001.jpg Trudi_Lacey/Trudi_Lacey_0001.jpg 0
Jerelle_Kraus/Jerelle_Kraus_0001.jpg Warren_Beatty/Warren_Beatty_0001.jpg 0
Jesus_Cardenal/Jesus_Cardenal_0001.jpg Pablo_Khulental/Pablo_Khulental_0001.jpg 0
Jim_Hendry/Jim_Hendry_0001.jpg Larry_Beinfest/Larry_Beinfest_0001.jpg 0
Joan_Claybrook/Joan_Claybrook_0002.jpg Pablo_Latras/Pablo_Latras_0001.jpg 0
Joaquin_Sanchez/Joaquin_Sanchez_0001.jpg Richard_Armitage/Richard_Armitage_0001.jpg 0
Joe_Cocker/Joe_Cocker_0001.jpg Martha_Beatriz_Roque/Martha_Beatriz_Roque_0001.jpg 0
Joe_Cocker/Joe_Cocker_0001.jpg Randy_Jackson/Randy_Jackson_0001.jpg 0
Joe_Cravens/Joe_Cravens_0001.jpg Sam_Mendes/Sam_Mendes_0001.jpg 0
John_Barnett/John_Barnett_0001.jpg Kathryn_Grayson/Kathryn_Grayson_0001.jpg 0
John_Darby/John_Darby_0001.jpg Masum_Turker/Masum_Turker_0003.jpg 0
John_Ferguson/John_Ferguson_0001.jpg Paul_Schrader/Paul_Schrader_0001.jpg 0
John_Paul_DeJoria/John_Paul_DeJoria_0001.jpg Paul_Pierce/Paul_Pierce_0001.jpg 0
John_Reilly/John_Reilly_0002.jpg Princess_Hisako/Princess_Hisako_0001.jpg 0
John_Rowland/John_Rowland_0002.jpg Steve_Kerr/Steve_Kerr_0001.jpg 0
Johnny_Depp/Johnny_Depp_0001.jpg Leo_Mullin/Leo_Mullin_0001.jpg 0
Johnny_Depp/Johnny_Depp_0001.jpg Trudi_Lacey/Trudi_Lacey_0001.jpg 0
Johnny_Htu/Johnny_Htu_0001.jpg Roger_Machado/Roger_Machado_0001.jpg 0
Jose_Dirceu/Jose_Dirceu_0001.jpg Robert_Torricelli/Robert_Torricelli_0003.jpg 0
Juan_Antonio_Samaranch/Juan_Antonio_Samaranch_0001.jpg Stefan_Koubek/Stefan_Koubek_0001.jpg 0
Juergen_Braehmer/Juergen_Braehmer_0001.jpg Shawn_Bradley/Shawn_Bradley_0001.jpg 0
Juergen_Braehmer/Juergen_Braehmer_0001.jpg Travis_Rudolph/Travis_Rudolph_0001.jpg 0
Kathryn_Grayson/Kathryn_Grayson_0001.jpg Queen_Beatrix/Queen_Beatrix_0004.jpg 0
Kathryn_Grayson/Kathryn_Grayson_0001.jpg Ruben_Sierra/Ruben_Sierra_0001.jpg 0
Kathryn_Grayson/Kathryn_Grayson_0001.jpg Shannon_OBrien/Shannon_OBrien_0002.jpg 0
Katie_Holmes/Katie_Holmes_0001.jpg Park_Jung_Sung/Park_Jung_Sung_0001.jpg 0
Kenny_Brack/Kenny_Brack_0001.jpg Lin_Yi-fu/Lin_Yi-fu_0001.jpg 0
Kwame_Kilpatrick/Kwame_Kilpatrick_0001.jpg Shannon_OBrien/Shannon_OBrien_0002.jpg 0
Kyra_Sedgwick/Kyra_Sedgwick_0001.jpg Reese_Witherspoon/Reese_Witherspoon_0003.jpg 0
Kyra_Sedgwick/Kyra_Sedgwick_0001.jpg Richard_Hellfant/Richard_Hellfant_0001.jpg 0
Kyra_Sedgwick/Kyra_Sedgwick_0001.jpg Wilbert_Elki_Meza_Majino/Wilbert_Elki_Meza_Majino_0001.jpg 0
Lance_Bass/Lance_Bass_0003.jpg Queen_Rania/Queen_Rania_0005.jpg 0
Lara_Logan/Lara_Logan_0001.jpg Turner_Stevenson/Turner_Stevenson_0001.jpg 0
Laszlo_Kovacs/Laszlo_Kovacs_0001.jpg Luke_Ridnour/Luke_Ridnour_0001.jpg 0
Laszlo_Kovacs/Laszlo_Kovacs_0001.jpg Olesya_Bonabarenko/Olesya_Bonabarenko_0002.jpg 0
Lee_Byung-woong/Lee_Byung-woong_0001.jpg William_Hochul/William_Hochul_0002.jpg 0
Lee_Soo-hyuck/Lee_Soo-hyuck_0001.jpg Robert_Bullock/Robert_Bullock_0001.jpg 0
Leslie_Caldwell/Leslie_Caldwell_0001.jpg Shane_Reynolds/Shane_Reynolds_0001.jpg 0
Leslie_Caldwell/Leslie_Caldwell_0002.jpg Turner_Stevenson/Turner_Stevenson_0001.jpg 0
Li_Zhaoxing/Li_Zhaoxing_0004.jpg Susan_Sarandon/Susan_Sarandon_0004.jpg 0
Linda_Mason/Linda_Mason_0001.jpg Rupert_Murdoch/Rupert_Murdoch_0002.jpg 0
Liu_Mingkang/Liu_Mingkang_0002.jpg Pedro_Pauleta/Pedro_Pauleta_0001.jpg 0
Liu_Ye/Liu_Ye_0001.jpg Ruben_Sierra/Ruben_Sierra_0001.jpg 0
Liu_Ye/Liu_Ye_0001.jpg Steve_Alford/Steve_Alford_0001.jpg 0
Loretta_Lynn_Harper/Loretta_Lynn_Harper_0001.jpg Michel_Temer/Michel_Temer_0002.jpg 0
Luis_Gonzalez/Luis_Gonzalez_0001.jpg Warren_Beatty/Warren_Beatty_0001.jpg 0
Madeleine_Albright/Madeleine_Albright_0002.jpg Martha_Lucia_Ramirez/Martha_Lucia_Ramirez_0002.jpg 0
Maha_Habib/Maha_Habib_0001.jpg Princess_Elisabeth/Princess_Elisabeth_0001.jpg 0
Marc_Anthony/Marc_Anthony_0001.jpg Michael_Pfleger/Michael_Pfleger_0001.jpg 0
Marcus_Gronholm/Marcus_Gronholm_0001.jpg Teresa_Graves/Teresa_Graves_0001.jpg 0
Marcus_Gronholm/Marcus_Gronholm_0001.jpg Tommy_Franks/Tommy_Franks_0008.jpg 0
Marina_Canetti/Marina_Canetti_0001.jpg Saied_Hadi_al_Mudarissi/Saied_Hadi_al_Mudarissi_0001.jpg 0
Mario_Alfaro-Lopez/Mario_Alfaro-Lopez_0001.jpg Richard_Armitage/Richard_Armitage_0006.jpg 0
Mario_Alfaro-Lopez/Mario_Alfaro-Lopez_0001.jpg Tom_Lantos/Tom_Lantos_0001.jpg 0
Mark_Dacey/Mark_Dacey_0001.jpg Turner_Stevenson/Turner_Stevenson_0001.jpg 0
Mark_Dacey/Mark_Dacey_0002.jpg Steve_Cox/Steve_Cox_0001.jpg 0
Mark_Kelly/Mark_Kelly_0001.jpg Mark_Lazarus/Mark_Lazarus_0001.jpg 0
Mark_Lazarus/Mark_Lazarus_0001.jpg Ronnie_Jagday/Ronnie_Jagday_0001.jpg 0
Mark_Sacco/Mark_Sacco_0001.jpg Tono_Suratman/Tono_Suratman_0001.jpg 0
Markus_Naslund/Markus_Naslund_0001.jpg Robert_Wagner/Robert_Wagner_0001.jpg 0
Martin_Kristof/Martin_Kristof_0001.jpg Taia_Balk/Taia_Balk_0001.jpg 0
Matt_Anderson/Matt_Anderson_0001.jpg Seth_Gorney/Seth_Gorney_0001.jpg 0
Matt_Braker/Matt_Braker_0001.jpg Surakait_Sathirathai/Surakait_Sathirathai_0001.jpg 0
Matt_Roney/Matt_Roney_0001.jpg Wilbert_Elki_Meza_Majino/Wilbert_Elki_Meza_Majino_0001.jpg 0
Michael_Bolton/Michael_Bolton_0001.jpg Robert_Bullock/Robert_Bullock_0002.jpg 0
Michael_Pfleger/Michael_Pfleger_0001.jpg Robert_Ehrlich/Robert_Ehrlich_0002.jpg 0
Michael_Schumacher/Michael_Schumacher_0017.jpg Natalie_Imbruglia/Natalie_Imbruglia_0001.jpg 0
Michael_Shane_Jolly/Michael_Shane_Jolly_0001.jpg Trudi_Lacey/Trudi_Lacey_0001.jpg 0
Michel_Temer/Michel_Temer_0001.jpg Paul_Shanley/Paul_Shanley_0001.jpg 0
Michelle_Yeoh/Michelle_Yeoh_0005.jpg Saburo_Kawabuchi/Saburo_Kawabuchi_0001.jpg 0
Mike_Helton/Mike_Helton_0001.jpg Octavio_Lara/Octavio_Lara_0001.jpg 0
Mike_Miller/Mike_Miller_0002.jpg Toby_Keith/Toby_Keith_0001.jpg 0
Monica_Seles/Monica_Seles_0002.jpg Queen_Beatrix/Queen_Beatrix_0004.jpg 0
Nancy_Sinatra/Nancy_Sinatra_0001.jpg Sargis_Sargsian/Sargis_Sargsian_0001.jpg 0
Pablo_Khulental/Pablo_Khulental_0001.jpg Rosemarie_Stack/Rosemarie_Stack_0002.jpg 0
Park_Jung_Sung/Park_Jung_Sung_0001.jpg Robert_Bullock/Robert_Bullock_0002.jpg 0
Paul_Pierce/Paul_Pierce_0002.jpg Robert_Bullock/Robert_Bullock_0002.jpg 0
Pedro_Pauleta/Pedro_Pauleta_0001.jpg Robert_Tyrrell/Robert_Tyrrell_0001.jpg 0
Pedro_Pauleta/Pedro_Pauleta_0001.jpg Tommy_Franks/Tommy_Franks_0014.jpg 0
Phil_Morris/Phil_Morris_0001.jpg Priscilla_Owen/Priscilla_Owen_0002.jpg 0
Phil_Morris/Phil_Morris_0001.jpg Roberto_Guaterroma/Roberto_Guaterroma_0001.jpg 0
Phil_Morris/Phil_Morris_0001.jpg Yuri_Luzhkov/Yuri_Luzhkov_0001.jpg 0
Queen_Rania/Queen_Rania_0003.jpg Ronnie_Jagday/Ronnie_Jagday_0001.jpg 0
Radovan_Karadzic/Radovan_Karadzic_0001.jpg Richard_Langille/Richard_Langille_0001.jpg 0
Randy_Jackson/Randy_Jackson_0001.jpg Steve_Alford/Steve_Alford_0001.jpg 0
Reese_Witherspoon/Reese_Witherspoon_0001.jpg Sam_Torrance/Sam_Torrance_0001.jpg 0
Reese_Witherspoon/Reese_Witherspoon_0002.jpg Toni_Jennings/Toni_Jennings_0001.jpg 0
Rina_Lazo/Rina_Lazo_0001.jpg Ronald_Reagan/Ronald_Reagan_0001.jpg 0
Robert_Ehrlich/Robert_Ehrlich_0002.jpg Ron_Lantz/Ron_Lantz_0001.jpg 0
Robert_Mugabe/Robert_Mugabe_0001.jpg Tessa_Jowell/Tessa_Jowell_0001.jpg 0
Robert_Torricelli/Robert_Torricelli_0003.jpg Taoufik_Mathlouthi/Taoufik_Mathlouthi_0001.jpg 0
Robert_Tyrrell/Robert_Tyrrell_0001.jpg Yuri_Luzhkov/Yuri_Luzhkov_0001.jpg 0
Robert_Wagner/Robert_Wagner_0001.jpg Tommy_Franks/Tommy_Franks_0011.jpg 0
Robin_Wright_Penn/Robin_Wright_Penn_0001.jpg Sam_Torrance/Sam_Torrance_0003.jpg 0
Robin_Wright_Penn/Robin_Wright_Penn_0001.jpg Yoko_Ono/Yoko_Ono_0006.jpg 0
Rogelio_Ramos/Rogelio_Ramos_0001.jpg Ryan_Newman/Ryan_Newman_0001.jpg 0
Roman_Polanski/Roman_Polanski_0004.jpg Toby_Keith/Toby_Keith_0001.jpg 0
Ronnie_Jagday/Ronnie_Jagday_0001.jpg Sidney_Kimmel/Sidney_Kimmel_0001.jpg 0
Scott_Yates/Scott_Yates_0001.jpg Steve_Cox/Steve_Cox_0001.jpg 0
Sean_Patrick_Thomas/Sean_Patrick_Thomas_0001.jpg William_Hochul/William_Hochul_0001.jpg 0
Sharon_Osbourne/Sharon_Osbourne_0002.jpg Shimon_Peres/Shimon_Peres_0006.jpg 0
Stefan_Koubek/Stefan_Koubek_0001.jpg Steve_Alford/Steve_Alford_0001.jpg 0
Teri_Garr/Teri_Garr_0001.jpg Yana_Klochkova/Yana_Klochkova_0001.jpg 0
Warren_Beatty/Warren_Beatty_0002.jpg William_McDonough/William_McDonough_0001.jpg 0
