Aitor_Gonzalez/Aitor_Gonzalez_0001.jpg Aitor_Gonzalez/Aitor_Gonzalez_0002.jpg 1
Alec_Baldwin/Alec_Baldwin_0002.jpg Alec_Baldwin/Alec_Baldwin_0004.jpg 1
Allison_Janney/Allison_Janney_0001.jpg Allison_Janney/Allison_Janney_0002.jpg 1
Alvaro_Noboa/Alvaro_Noboa_0001.jpg Alvaro_Noboa/Alvaro_Noboa_0003.jpg 1
Alvaro_Noboa/Alvaro_Noboa_0002.jpg Alvaro_Noboa/Alvaro_Noboa_0003.jpg 1
Amanda_Coetzer/Amanda_Coetzer_0001.jpg Amanda_Coetzer/Amanda_Coetzer_0002.jpg 1
Amer_al-Saadi/Amer_al-Saadi_0001.jpg Amer_al-Saadi/Amer_al-Saadi_0003.jpg 1
Amer_al-Saadi/Amer_al-Saadi_0001.jpg Amer_al-Saadi/Amer_al-Saadi_0004.jpg 1
Amer_al-Saadi/Amer_al-Saadi_0002.jpg Amer_al-Saadi/Amer_al-Saadi_0004.jpg 1
Ana_Guevara/Ana_Guevara_0002.jpg Ana_Guevara/Ana_Guevara_0007.jpg 1
Ana_Guevara/Ana_Guevara_0003.jpg Ana_Guevara/Ana_Guevara_0007.jpg 1
Anneli_Jaatteenmaki/Anneli_Jaatteenmaki_0001.jpg Anneli_Jaatteenmaki/Anneli_Jaatteenmaki_0002.jpg 1
Ari_Fleischer/Ari_Fleischer_0006.jpg Ari_Fleischer/Ari_Fleischer_0009.jpg 1
Ari_Fleischer/Ari_Fleischer_0007.jpg Ari_Fleischer/Ari_Fleischer_0012.jpg 1
Arianna_Huffington/Arianna_Huffington_0001.jpg Arianna_Huffington/Arianna_Huffington_0002.jpg 1
Arianna_Huffington/Arianna_Huffington_0001.jpg Arianna_Huffington/Arianna_Huffington_0004.jpg 1
Arianna_Huffington/Arianna_Huffington_0002.jpg Arianna_Huffington/Arianna_Huffington_0003.jpg 1
Arianna_Huffington/Arianna_Huffington_0002.jpg Arianna_Huffington/Arianna_Huffington_0004.jpg 1
Arnaud_Clement/Arnaud_Clement_0001.jpg Arnaud_Clement/Arnaud_Clement_0002.jpg 1
Arsinee_Khanjian/Arsinee_Khanjian_0001.jpg Arsinee_Khanjian/Arsinee_Khanjian_0002.jpg 1
Art_Howe/Art_Howe_0001.jpg Art_Howe/Art_Howe_0002.jpg 1
Art_Howe/Art_Howe_0001.jpg Art_Howe/Art_Howe_0003.jpg 1
Art_Howe/Art_Howe_0001.jpg Art_Howe/Art_Howe_0004.jpg 1
Art_Howe/Art_Howe_0002.jpg Art_Howe/Art_Howe_0003.jpg 1
Art_Howe/Art_Howe_0003.jpg Art_Howe/Art_Howe_0004.jpg 1
Ben_Affleck/Ben_Affleck_0002.jpg Ben_Affleck/Ben_Affleck_0003.jpg 1
Ben_Affleck/Ben_Affleck_0002.jpg Ben_Affleck/Ben_Affleck_0004.jpg 1
Ben_Affleck/Ben_Affleck_0002.jpg Ben_Affleck/Ben_Affleck_0007.jpg 1
Ben_Affleck/Ben_Affleck_0003.jpg Ben_Affleck/Ben_Affleck_0006.jpg 1
Ben_Affleck/Ben_Affleck_0005.jpg Ben_Affleck/Ben_Affleck_0006.jpg 1
Betsy_Smith/Betsy_Smith_0001.jpg Betsy_Smith/Betsy_Smith_0002.jpg 1
Bill_Callahan/Bill_Callahan_0001.jpg Bill_Callahan/Bill_Callahan_0003.jpg 1
Blythe_Hartley/Blythe_Hartley_0001.jpg Blythe_Hartley/Blythe_Hartley_0002.jpg 1
Bob_Huggins/Bob_Huggins_0001.jpg Bob_Huggins/Bob_Huggins_0003.jpg 1
Bob_Huggins/Bob_Huggins_0003.jpg Bob_Huggins/Bob_Huggins_0004.jpg 1
Bobby_Goldwater/Bobby_Goldwater_0001.jpg Bobby_Goldwater/Bobby_Goldwater_0002.jpg 1
Bono/Bono_0001.jpg Bono/Bono_0002.jpg 1
Bono/Bono_0001.jpg Bono/Bono_0003.jpg 1
Bono/Bono_0002.jpg Bono/Bono_0003.jpg 1
Brad_Garrett/Brad_Garrett_0001.jpg Brad_Garrett/Brad_Garrett_0003.jpg 1
Brad_Garrett/Brad_Garrett_0002.jpg Brad_Garrett/Brad_Garrett_0003.jpg 1
Brad_Garrett/Brad_Garrett_0002.jpg Brad_Garrett/Brad_Garrett_0004.jpg 1
Brian_Mulroney/Brian_Mulroney_0001.jpg Brian_Mulroney/Brian_Mulroney_0002.jpg 1
Bud_Selig/Bud_Selig_0001.jpg Bud_Selig/Bud_Selig_0002.jpg 1
Bud_Selig/Bud_Selig_0002.jpg Bud_Selig/Bud_Selig_0003.jpg 1
Bud_Selig/Bud_Selig_0002.jpg Bud_Selig/Bud_Selig_0004.jpg 1
Carla_Del_Ponte/Carla_Del_Ponte_0001.jpg Carla_Del_Ponte/Carla_Del_Ponte_0002.jpg 1
Carla_Del_Ponte/Carla_Del_Ponte_0002.jpg Carla_Del_Ponte/Carla_Del_Ponte_0004.jpg 1
Carla_Del_Ponte/Carla_Del_Ponte_0002.jpg Carla_Del_Ponte/Carla_Del_Ponte_0005.jpg 1
Carla_Del_Ponte/Carla_Del_Ponte_0003.jpg Carla_Del_Ponte/Carla_Del_Ponte_0005.jpg 1
Carlos_Ghosn/Carlos_Ghosn_0001.jpg Carlos_Ghosn/Carlos_Ghosn_0002.jpg 1
Carlos_Manuel_Pruneda/Carlos_Manuel_Pruneda_0001.jpg Carlos_Manuel_Pruneda/Carlos_Manuel_Pruneda_0002.jpg 1
Carlos_Manuel_Pruneda/Carlos_Manuel_Pruneda_0001.jpg Carlos_Manuel_Pruneda/Carlos_Manuel_Pruneda_0003.jpg 1
Carlos_Menem/Carlos_Menem_0002.jpg Carlos_Menem/Carlos_Menem_0021.jpg 1
Carlos_Menem/Carlos_Menem_0005.jpg Carlos_Menem/Carlos_Menem_0018.jpg 1
Carlos_Menem/Carlos_Menem_0008.jpg Carlos_Menem/Carlos_Menem_0015.jpg 1
Carlos_Menem/Carlos_Menem_0011.jpg Carlos_Menem/Carlos_Menem_0012.jpg 1
Carlos_Menem/Carlos_Menem_0014.jpg Carlos_Menem/Carlos_Menem_0021.jpg 1
Carlos_Menem/Carlos_Menem_0016.jpg Carlos_Menem/Carlos_Menem_0018.jpg 1
Carmen_Electra/Carmen_Electra_0003.jpg Carmen_Electra/Carmen_Electra_0004.jpg 1
Carmen_Electra/Carmen_Electra_0004.jpg Carmen_Electra/Carmen_Electra_0006.jpg 1
Charlotte_Rampling/Charlotte_Rampling_0001.jpg Charlotte_Rampling/Charlotte_Rampling_0002.jpg 1
Chick_Hearn/Chick_Hearn_0001.jpg Chick_Hearn/Chick_Hearn_0002.jpg 1
Christine_Todd_Whitman/Christine_Todd_Whitman_0002.jpg Christine_Todd_Whitman/Christine_Todd_Whitman_0003.jpg 1
Christine_Todd_Whitman/Christine_Todd_Whitman_0005.jpg Christine_Todd_Whitman/Christine_Todd_Whitman_0006.jpg 1
Christopher_Reeve/Christopher_Reeve_0001.jpg Christopher_Reeve/Christopher_Reeve_0003.jpg 1
Chuck_Amato/Chuck_Amato_0001.jpg Chuck_Amato/Chuck_Amato_0002.jpg 1
Cindy_Crawford/Cindy_Crawford_0002.jpg Cindy_Crawford/Cindy_Crawford_0003.jpg 1
Cindy_Margolis/Cindy_Margolis_0001.jpg Cindy_Margolis/Cindy_Margolis_0002.jpg 1
Claire_Danes/Claire_Danes_0001.jpg Claire_Danes/Claire_Danes_0003.jpg 1
Claire_Danes/Claire_Danes_0002.jpg Claire_Danes/Claire_Danes_0003.jpg 1
Conan_OBrien/Conan_OBrien_0001.jpg Conan_OBrien/Conan_OBrien_0002.jpg 1
Conan_OBrien/Conan_OBrien_0002.jpg Conan_OBrien/Conan_OBrien_0003.jpg 1
Conan_OBrien/Conan_OBrien_0002.jpg Conan_OBrien/Conan_OBrien_0004.jpg 1
Conchita_Martinez/Conchita_Martinez_0001.jpg Conchita_Martinez/Conchita_Martinez_0002.jpg 1
Conchita_Martinez/Conchita_Martinez_0001.jpg Conchita_Martinez/Conchita_Martinez_0003.jpg 1
Dan_Morales/Dan_Morales_0001.jpg Dan_Morales/Dan_Morales_0002.jpg 1
Dan_Morales/Dan_Morales_0001.jpg Dan_Morales/Dan_Morales_0003.jpg 1
David_Hyde_Pierce/David_Hyde_Pierce_0001.jpg David_Hyde_Pierce/David_Hyde_Pierce_0002.jpg 1
David_Hyde_Pierce/David_Hyde_Pierce_0001.jpg David_Hyde_Pierce/David_Hyde_Pierce_0003.jpg 1
David_Hyde_Pierce/David_Hyde_Pierce_0002.jpg David_Hyde_Pierce/David_Hyde_Pierce_0003.jpg 1
David_Hyde_Pierce/David_Hyde_Pierce_0002.jpg David_Hyde_Pierce/David_Hyde_Pierce_0004.jpg 1
David_Myers/David_Myers_0001.jpg David_Myers/David_Myers_0002.jpg 1
David_Nalbandian/David_Nalbandian_0001.jpg David_Nalbandian/David_Nalbandian_0003.jpg 1
David_Nalbandian/David_Nalbandian_0002.jpg David_Nalbandian/David_Nalbandian_0009.jpg 1
David_Nalbandian/David_Nalbandian_0003.jpg David_Nalbandian/David_Nalbandian_0004.jpg 1
David_Nalbandian/David_Nalbandian_0004.jpg David_Nalbandian/David_Nalbandian_0013.jpg 1
David_Nalbandian/David_Nalbandian_0011.jpg David_Nalbandian/David_Nalbandian_0012.jpg 1
David_Stern/David_Stern_0001.jpg David_Stern/David_Stern_0002.jpg 1
David_Stern/David_Stern_0002.jpg David_Stern/David_Stern_0003.jpg 1
Derek_Jeter/Derek_Jeter_0002.jpg Derek_Jeter/Derek_Jeter_0003.jpg 1
Derek_Jeter/Derek_Jeter_0002.jpg Derek_Jeter/Derek_Jeter_0004.jpg 1
Donatella_Versace/Donatella_Versace_0001.jpg Donatella_Versace/Donatella_Versace_0003.jpg 1
Donatella_Versace/Donatella_Versace_0002.jpg Donatella_Versace/Donatella_Versace_0003.jpg 1
Donna_Shalala/Donna_Shalala_0001.jpg Donna_Shalala/Donna_Shalala_0002.jpg 1
Edmund_Hillary/Edmund_Hillary_0001.jpg Edmund_Hillary/Edmund_Hillary_0002.jpg 1
Edmund_Hillary/Edmund_Hillary_0001.jpg Edmund_Hillary/Edmund_Hillary_0003.jpg 1
Edmund_Hillary/Edmund_Hillary_0002.jpg Edmund_Hillary/Edmund_Hillary_0003.jpg 1
Elisabeth_Schumacher/Elisabeth_Schumacher_0001.jpg Elisabeth_Schumacher/Elisabeth_Schumacher_0002.jpg 0
Elizabeth_Smart/Elizabeth_Smart_0003.jpg Elizabeth_Smart/Elizabeth_Smart_0005.jpg 1
Erin_Runnion/Erin_Runnion_0001.jpg Erin_Runnion/Erin_Runnion_0003.jpg 1
Erin_Runnion/Erin_Runnion_0002.jpg Erin_Runnion/Erin_Runnion_0003.jpg 1
Erin_Runnion/Erin_Runnion_0002.jpg Erin_Runnion/Erin_Runnion_0004.jpg 1
Erin_Runnion/Erin_Runnion_0003.jpg Erin_Runnion/Erin_Runnion_0004.jpg 1
Fernando_Henrique_Cardoso/Fernando_Henrique_Cardoso_0001.jpg Fernando_Henrique_Cardoso/Fernando_Henrique_Cardoso_0002.jpg 1
Fernando_Henrique_Cardoso/Fernando_Henrique_Cardoso_0001.jpg Fernando_Henrique_Cardoso/Fernando_Henrique_Cardoso_0003.jpg 1
Fernando_Henrique_Cardoso/Fernando_Henrique_Cardoso_0001.jpg Fernando_Henrique_Cardoso/Fernando_Henrique_Cardoso_0004.jpg 1
Fernando_Henrique_Cardoso/Fernando_Henrique_Cardoso_0002.jpg Fernando_Henrique_Cardoso/Fernando_Henrique_Cardoso_0007.jpg 1
Fernando_Henrique_Cardoso/Fernando_Henrique_Cardoso_0005.jpg Fernando_Henrique_Cardoso/Fernando_Henrique_Cardoso_0007.jpg 1
Fernando_Henrique_Cardoso/Fernando_Henrique_Cardoso_0006.jpg Fernando_Henrique_Cardoso/Fernando_Henrique_Cardoso_0007.jpg 1
Francis_Mer/Francis_Mer_0001.jpg Francis_Mer/Francis_Mer_0002.jpg 1
Franz_Fischler/Franz_Fischler_0001.jpg Franz_Fischler/Franz_Fischler_0002.jpg 1
Gary_Locke/Gary_Locke_0001.jpg Gary_Locke/Gary_Locke_0002.jpg 1
Gerry_Adams/Gerry_Adams_0001.jpg Gerry_Adams/Gerry_Adams_0003.jpg 1
Gerry_Adams/Gerry_Adams_0001.jpg Gerry_Adams/Gerry_Adams_0007.jpg 1
Gerry_Adams/Gerry_Adams_0002.jpg Gerry_Adams/Gerry_Adams_0006.jpg 1
Gerry_Adams/Gerry_Adams_0003.jpg Gerry_Adams/Gerry_Adams_0005.jpg 1
Gerry_Adams/Gerry_Adams_0004.jpg Gerry_Adams/Gerry_Adams_0006.jpg 1
Gerry_Adams/Gerry_Adams_0005.jpg Gerry_Adams/Gerry_Adams_0006.jpg 1
Gianna_Angelopoulos-Daskalaki/Gianna_Angelopoulos-Daskalaki_0001.jpg Gianna_Angelopoulos-Daskalaki/Gianna_Angelopoulos-Daskalaki_0002.jpg 1
Gil_de_Ferran/Gil_de_Ferran_0001.jpg Gil_de_Ferran/Gil_de_Ferran_0005.jpg 1
Gil_de_Ferran/Gil_de_Ferran_0002.jpg Gil_de_Ferran/Gil_de_Ferran_0004.jpg 1
Gil_de_Ferran/Gil_de_Ferran_0003.jpg Gil_de_Ferran/Gil_de_Ferran_0005.jpg 1
Goh_Kun/Goh_Kun_0001.jpg Goh_Kun/Goh_Kun_0002.jpg 1
Grady_Irvin_Jr/Grady_Irvin_Jr_0001.jpg Grady_Irvin_Jr/Grady_Irvin_Jr_0002.jpg 1
Gunter_Pleuger/Gunter_Pleuger_0003.jpg Gunter_Pleuger/Gunter_Pleuger_0005.jpg 1
Gunter_Pleuger/Gunter_Pleuger_0003.jpg Gunter_Pleuger/Gunter_Pleuger_0006.jpg 1
Harry_Belafonte/Harry_Belafonte_0001.jpg Harry_Belafonte/Harry_Belafonte_0002.jpg 1
Harry_Schmidt/Harry_Schmidt_0001.jpg Harry_Schmidt/Harry_Schmidt_0003.jpg 1
Harry_Schmidt/Harry_Schmidt_0001.jpg Harry_Schmidt/Harry_Schmidt_0004.jpg 1
Harry_Schmidt/Harry_Schmidt_0002.jpg Harry_Schmidt/Harry_Schmidt_0003.jpg 1
Harry_Schmidt/Harry_Schmidt_0003.jpg Harry_Schmidt/Harry_Schmidt_0004.jpg 1
Helen_Clark/Helen_Clark_0002.jpg Helen_Clark/Helen_Clark_0004.jpg 1
Hermann_Maier/Hermann_Maier_0001.jpg Hermann_Maier/Hermann_Maier_0002.jpg 1
Ian_Thorpe/Ian_Thorpe_0001.jpg Ian_Thorpe/Ian_Thorpe_0007.jpg 1
Ian_Thorpe/Ian_Thorpe_0001.jpg Ian_Thorpe/Ian_Thorpe_0010.jpg 1
Ian_Thorpe/Ian_Thorpe_0003.jpg Ian_Thorpe/Ian_Thorpe_0009.jpg 1
Ian_Thorpe/Ian_Thorpe_0005.jpg Ian_Thorpe/Ian_Thorpe_0007.jpg 1
Ian_Thorpe/Ian_Thorpe_0006.jpg Ian_Thorpe/Ian_Thorpe_0010.jpg 1
Isabelle_Huppert/Isabelle_Huppert_0001.jpg Isabelle_Huppert/Isabelle_Huppert_0002.jpg 1
James_Butts/James_Butts_0001.jpg James_Butts/James_Butts_0002.jpg 1
Jan-Michael_Gambill/Jan-Michael_Gambill_0001.jpg Jan-Michael_Gambill/Jan-Michael_Gambill_0002.jpg 1
Jan-Michael_Gambill/Jan-Michael_Gambill_0002.jpg Jan-Michael_Gambill/Jan-Michael_Gambill_0003.jpg 1
Jean-Francois_Pontal/Jean-Francois_Pontal_0001.jpg Jean-Francois_Pontal/Jean-Francois_Pontal_0003.jpg 1
Jean-Marc_de_La_Sabliere/Jean-Marc_de_La_Sabliere_0001.jpg Jean-Marc_de_La_Sabliere/Jean-Marc_de_La_Sabliere_0002.jpg 1
Jean-Sebastien_Giguere/Jean-Sebastien_Giguere_0001.jpg Jean-Sebastien_Giguere/Jean-Sebastien_Giguere_0002.jpg 1
Jeb_Bush/Jeb_Bush_0001.jpg Jeb_Bush/Jeb_Bush_0006.jpg 1
Jeb_Bush/Jeb_Bush_0002.jpg Jeb_Bush/Jeb_Bush_0006.jpg 1
Jeb_Bush/Jeb_Bush_0005.jpg Jeb_Bush/Jeb_Bush_0007.jpg 1
Jeffrey_Jones/Jeffrey_Jones_0001.jpg Jeffrey_Jones/Jeffrey_Jones_0002.jpg 1
Jim_OBrien/Jim_OBrien_0001.jpg Jim_OBrien/Jim_OBrien_0002.jpg 0
Jim_OBrien/Jim_OBrien_0001.jpg Jim_OBrien/Jim_OBrien_0003.jpg 0
Joe_Gatti/Joe_Gatti_0001.jpg Joe_Gatti/Joe_Gatti_0002.jpg 1
John_Cusack/John_Cusack_0001.jpg John_Cusack/John_Cusack_0002.jpg 1
John_Edwards/John_Edwards_0001.jpg John_Edwards/John_Edwards_0003.jpg 1
John_Edwards/John_Edwards_0001.jpg John_Edwards/John_Edwards_0007.jpg 1
John_Edwards/John_Edwards_0002.jpg John_Edwards/John_Edwards_0005.jpg 1
John_Edwards/John_Edwards_0003.jpg John_Edwards/John_Edwards_0007.jpg 1
John_Edwards/John_Edwards_0004.jpg John_Edwards/John_Edwards_0006.jpg 1
John_Edwards/John_Edwards_0004.jpg John_Edwards/John_Edwards_0008.jpg 1
John_Edwards/John_Edwards_0006.jpg John_Edwards/John_Edwards_0007.jpg 1
John_Spencer/John_Spencer_0001.jpg John_Spencer/John_Spencer_0002.jpg 1
John_Taylor/John_Taylor_0001.jpg John_Taylor/John_Taylor_0002.jpg 1
John_Walsh/John_Walsh_0001.jpg John_Walsh/John_Walsh_0002.jpg 1
Jolanta_Kwasniewski/Jolanta_Kwasniewski_0001.jpg Jolanta_Kwasniewski/Jolanta_Kwasniewski_0002.jpg 1
Jose_Mourinho/Jose_Mourinho_0001.jpg Jose_Mourinho/Jose_Mourinho_0002.jpg 1
Juergen_Peters/Juergen_Peters_0001.jpg Juergen_Peters/Juergen_Peters_0002.jpg 1
Kalpana_Chawla/Kalpana_Chawla_0001.jpg Kalpana_Chawla/Kalpana_Chawla_0004.jpg 1
Kalpana_Chawla/Kalpana_Chawla_0002.jpg Kalpana_Chawla/Kalpana_Chawla_0003.jpg 1
Kalpana_Chawla/Kalpana_Chawla_0002.jpg Kalpana_Chawla/Kalpana_Chawla_0005.jpg 1
Kalpana_Chawla/Kalpana_Chawla_0003.jpg Kalpana_Chawla/Kalpana_Chawla_0004.jpg 1
Kelli_White/Kelli_White_0001.jpg Kelli_White/Kelli_White_0002.jpg 1
Kim_Jin-sun/Kim_Jin-sun_0001.jpg Kim_Jin-sun/Kim_Jin-sun_0002.jpg 1
Lana_Clarkson/Lana_Clarkson_0001.jpg Lana_Clarkson/Lana_Clarkson_0002.jpg 1
Laura_Hernandez/Laura_Hernandez_0001.jpg Laura_Hernandez/Laura_Hernandez_0002.jpg 1
Laura_Linney/Laura_Linney_0001.jpg Laura_Linney/Laura_Linney_0002.jpg 1
Laura_Linney/Laura_Linney_0001.jpg Laura_Linney/Laura_Linney_0003.jpg 1
Laura_Linney/Laura_Linney_0002.jpg Laura_Linney/Laura_Linney_0004.jpg 1
Laura_Linney/Laura_Linney_0003.jpg Laura_Linney/Laura_Linney_0004.jpg 1
Lenny_Wilkens/Lenny_Wilkens_0001.jpg Lenny_Wilkens/Lenny_Wilkens_0002.jpg 1
Lenny_Wilkens/Lenny_Wilkens_0001.jpg Lenny_Wilkens/Lenny_Wilkens_0003.jpg 1
Lenny_Wilkens/Lenny_Wilkens_0002.jpg Lenny_Wilkens/Lenny_Wilkens_0003.jpg 1
Lloyd_Ward/Lloyd_Ward_0001.jpg Lloyd_Ward/Lloyd_Ward_0002.jpg 1
Mahathir_Mohamad/Mahathir_Mohamad_0001.jpg Mahathir_Mohamad/Mahathir_Mohamad_0007.jpg 1
Mahathir_Mohamad/Mahathir_Mohamad_0001.jpg Mahathir_Mohamad/Mahathir_Mohamad_0012.jpg 1
Mahathir_Mohamad/Mahathir_Mohamad_0006.jpg Mahathir_Mohamad/Mahathir_Mohamad_0010.jpg 1
Mark_Cuban/Mark_Cuban_0001.jpg Mark_Cuban/Mark_Cuban_0002.jpg 1
Mark_Heller/Mark_Heller_0001.jpg Mark_Heller/Mark_Heller_0002.jpg 1
Mark_Schweiker/Mark_Schweiker_0001.jpg Mark_Schweiker/Mark_Schweiker_0002.jpg 1
Marty_Mornhinweg/Marty_Mornhinweg_0001.jpg Marty_Mornhinweg/Marty_Mornhinweg_0002.jpg 1
Marty_Mornhinweg/Marty_Mornhinweg_0001.jpg Marty_Mornhinweg/Marty_Mornhinweg_0003.jpg 1
Marty_Mornhinweg/Marty_Mornhinweg_0002.jpg Marty_Mornhinweg/Marty_Mornhinweg_0003.jpg 1
Michael_Phelps/Michael_Phelps_0001.jpg Michael_Phelps/Michael_Phelps_0002.jpg 1
Michael_Phelps/Michael_Phelps_0002.jpg Michael_Phelps/Michael_Phelps_0004.jpg 1
Mick_Jagger/Mick_Jagger_0002.jpg Mick_Jagger/Mick_Jagger_0004.jpg 1
Miguel_Estrada/Miguel_Estrada_0001.jpg Miguel_Estrada/Miguel_Estrada_0002.jpg 1
Mike_Myers/Mike_Myers_0001.jpg Mike_Myers/Mike_Myers_0006.jpg 1
Mike_Myers/Mike_Myers_0002.jpg Mike_Myers/Mike_Myers_0003.jpg 1
Mike_Myers/Mike_Myers_0002.jpg Mike_Myers/Mike_Myers_0004.jpg 1
Mike_Myers/Mike_Myers_0002.jpg Mike_Myers/Mike_Myers_0005.jpg 1
Nadine_Vinzens/Nadine_Vinzens_0001.jpg Nadine_Vinzens/Nadine_Vinzens_0002.jpg 1
Nathan_Lane/Nathan_Lane_0001.jpg Nathan_Lane/Nathan_Lane_0002.jpg 1
Nicolas_Cage/Nicolas_Cage_0001.jpg Nicolas_Cage/Nicolas_Cage_0002.jpg 1
Nicolas_Cage/Nicolas_Cage_0002.jpg Nicolas_Cage/Nicolas_Cage_0004.jpg 1
Nicolas_Cage/Nicolas_Cage_0003.jpg Nicolas_Cage/Nicolas_Cage_0004.jpg 1
Nicole_Kidman/Nicole_Kidman_0003.jpg Nicole_Kidman/Nicole_Kidman_0011.jpg 1
Nicole_Kidman/Nicole_Kidman_0008.jpg Nicole_Kidman/Nicole_Kidman_0017.jpg 1
Nicole_Kidman/Nicole_Kidman_0011.jpg Nicole_Kidman/Nicole_Kidman_0013.jpg 1
Nicole_Kidman/Nicole_Kidman_0013.jpg Nicole_Kidman/Nicole_Kidman_0014.jpg 1
Nicole_Kidman/Nicole_Kidman_0015.jpg Nicole_Kidman/Nicole_Kidman_0019.jpg 1
Omar_Sharif/Omar_Sharif_0001.jpg Omar_Sharif/Omar_Sharif_0002.jpg 1
Omar_Sharif/Omar_Sharif_0001.jpg Omar_Sharif/Omar_Sharif_0003.jpg 1
Omar_Sharif/Omar_Sharif_0001.jpg Omar_Sharif/Omar_Sharif_0004.jpg 1
Omar_Sharif/Omar_Sharif_0002.jpg Omar_Sharif/Omar_Sharif_0003.jpg 1
Parris_Glendening/Parris_Glendening_0001.jpg Parris_Glendening/Parris_Glendening_0002.jpg 1
Patrick_Leahy/Patrick_Leahy_0001.jpg Patrick_Leahy/Patrick_Leahy_0002.jpg 1
Patrick_McEnroe/Patrick_McEnroe_0001.jpg Patrick_McEnroe/Patrick_McEnroe_0002.jpg 1
Patrick_Stewart/Patrick_Stewart_0001.jpg Patrick_Stewart/Patrick_Stewart_0002.jpg 1
Paul_Gascoigne/Paul_Gascoigne_0001.jpg Paul_Gascoigne/Paul_Gascoigne_0003.jpg 1
Peter_Hillary/Peter_Hillary_0001.jpg Peter_Hillary/Peter_Hillary_0002.jpg 1
Phan_Van_Khai/Phan_Van_Khai_0001.jpg Phan_Van_Khai/Phan_Van_Khai_0002.jpg 1
Phan_Van_Khai/Phan_Van_Khai_0001.jpg Phan_Van_Khai/Phan_Van_Khai_0003.jpg 1
Phan_Van_Khai/Phan_Van_Khai_0002.jpg Phan_Van_Khai/Phan_Van_Khai_0003.jpg 1
Prince_Claus/Prince_Claus_0001.jpg Prince_Claus/Prince_Claus_0004.jpg 1
Prince_Claus/Prince_Claus_0002.jpg Prince_Claus/Prince_Claus_0003.jpg 1
Prince_Claus/Prince_Claus_0002.jpg Prince_Claus/Prince_Claus_0004.jpg 1
Raghad_Saddam_Hussein/Raghad_Saddam_Hussein_0001.jpg Raghad_Saddam_Hussein/Raghad_Saddam_Hussein_0002.jpg 1
Ray_Allen/Ray_Allen_0001.jpg Ray_Allen/Ray_Allen_0002.jpg 1
Ray_Allen/Ray_Allen_0002.jpg Ray_Allen/Ray_Allen_0003.jpg 1
Richard_Crenna/Richard_Crenna_0001.jpg Richard_Crenna/Richard_Crenna_0002.jpg 1
Richard_Gere/Richard_Gere_0001.jpg Richard_Gere/Richard_Gere_0010.jpg 1
Richard_Gere/Richard_Gere_0006.jpg Richard_Gere/Richard_Gere_0009.jpg 1
Richard_Myers/Richard_Myers_0001.jpg Richard_Myers/Richard_Myers_0002.jpg 1
Richard_Myers/Richard_Myers_0001.jpg Richard_Myers/Richard_Myers_0004.jpg 1
Richard_Myers/Richard_Myers_0004.jpg Richard_Myers/Richard_Myers_0008.jpg 1
Richard_Myers/Richard_Myers_0015.jpg Richard_Myers/Richard_Myers_0016.jpg 1
Rick_Romley/Rick_Romley_0001.jpg Rick_Romley/Rick_Romley_0003.jpg 1
Rob_Lowe/Rob_Lowe_0001.jpg Rob_Lowe/Rob_Lowe_0003.jpg 1
Rob_Lowe/Rob_Lowe_0001.jpg Rob_Lowe/Rob_Lowe_0004.jpg 1
Rob_Lowe/Rob_Lowe_0002.jpg Rob_Lowe/Rob_Lowe_0003.jpg 1
Rob_Lowe/Rob_Lowe_0003.jpg Rob_Lowe/Rob_Lowe_0004.jpg 1
Robby_Ginepri/Robby_Ginepri_0001.jpg Robby_Ginepri/Robby_Ginepri_0002.jpg 1
Robert_Witt/Robert_Witt_0001.jpg Robert_Witt/Robert_Witt_0002.jpg 1
Rod_Blagojevich/Rod_Blagojevich_0001.jpg Rod_Blagojevich/Rod_Blagojevich_0002.jpg 1
Rolandas_Paksas/Rolandas_Paksas_0001.jpg Rolandas_Paksas/Rolandas_Paksas_0002.jpg 1
Russell_Coutts/Russell_Coutts_0001.jpg Russell_Coutts/Russell_Coutts_0002.jpg 1
Ruth_Dreifuss/Ruth_Dreifuss_0001.jpg Ruth_Dreifuss/Ruth_Dreifuss_0002.jpg 1
Sally_Kirkland/Sally_Kirkland_0001.jpg Sally_Kirkland/Sally_Kirkland_0004.jpg 1
Sean_Patrick_OMalley/Sean_Patrick_OMalley_0001.jpg Sean_Patrick_OMalley/Sean_Patrick_OMalley_0003.jpg 1
Sebastian_Saja/Sebastian_Saja_0001.jpg Sebastian_Saja/Sebastian_Saja_0002.jpg 1
Sebastian_Saja/Sebastian_Saja_0001.jpg Sebastian_Saja/Sebastian_Saja_0003.jpg 1
Sila_Calderon/Sila_Calderon_0001.jpg Sila_Calderon/Sila_Calderon_0002.jpg 1
Sila_Calderon/Sila_Calderon_0001.jpg Sila_Calderon/Sila_Calderon_0003.jpg 1
Sila_Calderon/Sila_Calderon_0001.jpg Sila_Calderon/Sila_Calderon_0004.jpg 1
Sila_Calderon/Sila_Calderon_0002.jpg Sila_Calderon/Sila_Calderon_0003.jpg 1
Stanley_Tong/Stanley_Tong_0001.jpg Stanley_Tong/Stanley_Tong_0002.jpg 1
Steve_Park/Steve_Park_0001.jpg Steve_Park/Steve_Park_0002.jpg 1
Susie_Castillo/Susie_Castillo_0001.jpg Susie_Castillo/Susie_Castillo_0002.jpg 1
Sylvester_Stallone/Sylvester_Stallone_0001.jpg Sylvester_Stallone/Sylvester_Stallone_0005.jpg 1
Sylvester_Stallone/Sylvester_Stallone_0002.jpg Sylvester_Stallone/Sylvester_Stallone_0004.jpg 1
Sylvester_Stallone/Sylvester_Stallone_0003.jpg Sylvester_Stallone/Sylvester_Stallone_0008.jpg 1
Sylvester_Stallone/Sylvester_Stallone_0004.jpg Sylvester_Stallone/Sylvester_Stallone_0005.jpg 1
Takashi_Sorimachi/Takashi_Sorimachi_0001.jpg Takashi_Sorimachi/Takashi_Sorimachi_0002.jpg 1
Tang_Jiaxuan/Tang_Jiaxuan_0002.jpg Tang_Jiaxuan/Tang_Jiaxuan_0006.jpg 1
Tang_Jiaxuan/Tang_Jiaxuan_0002.jpg Tang_Jiaxuan/Tang_Jiaxuan_0011.jpg 1
Tang_Jiaxuan/Tang_Jiaxuan_0004.jpg Tang_Jiaxuan/Tang_Jiaxuan_0009.jpg 1
Tang_Jiaxuan/Tang_Jiaxuan_0005.jpg Tang_Jiaxuan/Tang_Jiaxuan_0009.jpg 1
Tang_Jiaxuan/Tang_Jiaxuan_0007.jpg Tang_Jiaxuan/Tang_Jiaxuan_0010.jpg 1
Terje_Roed-Larsen/Terje_Roed-Larsen_0001.jpg Terje_Roed-Larsen/Terje_Roed-Larsen_0002.jpg 1
Thomas_Birmingham/Thomas_Birmingham_0001.jpg Thomas_Birmingham/Thomas_Birmingham_0002.jpg 1
Tiger_Woods/Tiger_Woods_0002.jpg Tiger_Woods/Tiger_Woods_0006.jpg 1
Tiger_Woods/Tiger_Woods_0003.jpg Tiger_Woods/Tiger_Woods_0021.jpg 1
Tiger_Woods/Tiger_Woods_0005.jpg Tiger_Woods/Tiger_Woods_0011.jpg 1
Tiger_Woods/Tiger_Woods_0005.jpg Tiger_Woods/Tiger_Woods_0012.jpg 1
Tiger_Woods/Tiger_Woods_0006.jpg Tiger_Woods/Tiger_Woods_0018.jpg 1
Tiger_Woods/Tiger_Woods_0006.jpg Tiger_Woods/Tiger_Woods_0021.jpg 1
Tiger_Woods/Tiger_Woods_0009.jpg Tiger_Woods/Tiger_Woods_0012.jpg 1
Tiger_Woods/Tiger_Woods_0009.jpg Tiger_Woods/Tiger_Woods_0023.jpg 1
Tiger_Woods/Tiger_Woods_0016.jpg Tiger_Woods/Tiger_Woods_0018.jpg 1
Tim_Curry/Tim_Curry_0001.jpg Tim_Curry/Tim_Curry_0002.jpg 1
Tom_Brady/Tom_Brady_0001.jpg Tom_Brady/Tom_Brady_0002.jpg 1
Toshihiko_Fukui/Toshihiko_Fukui_0001.jpg Toshihiko_Fukui/Toshihiko_Fukui_0002.jpg 1
Toshihiko_Fukui/Toshihiko_Fukui_0001.jpg Toshihiko_Fukui/Toshihiko_Fukui_0003.jpg 1
Uma_Thurman/Uma_Thurman_0001.jpg Uma_Thurman/Uma_Thurman_0003.jpg 1
Uma_Thurman/Uma_Thurman_0002.jpg Uma_Thurman/Uma_Thurman_0003.jpg 1
Vaclav_Klaus/Vaclav_Klaus_0001.jpg Vaclav_Klaus/Vaclav_Klaus_0002.jpg 1
Vanessa_Incontrada/Vanessa_Incontrada_0001.jpg Vanessa_Incontrada/Vanessa_Incontrada_0002.jpg 1
Vanessa_Incontrada/Vanessa_Incontrada_0001.jpg Vanessa_Incontrada/Vanessa_Incontrada_0003.jpg 1
Vanessa_Incontrada/Vanessa_Incontrada_0001.jpg Vanessa_Incontrada/Vanessa_Incontrada_0004.jpg 1
Vanessa_Incontrada/Vanessa_Incontrada_0002.jpg Vanessa_Incontrada/Vanessa_Incontrada_0003.jpg 1
Vanessa_Incontrada/Vanessa_Incontrada_0002.jpg Vanessa_Incontrada/Vanessa_Incontrada_0004.jpg 1
Vanessa_Incontrada/Vanessa_Incontrada_0003.jpg Vanessa_Incontrada/Vanessa_Incontrada_0004.jpg 1
Vin_Diesel/Vin_Diesel_0001.jpg Vin_Diesel/Vin_Diesel_0002.jpg 1
Vladimir_Spidla/Vladimir_Spidla_0001.jpg Vladimir_Spidla/Vladimir_Spidla_0002.jpg 1
Vladimir_Spidla/Vladimir_Spidla_0001.jpg Vladimir_Spidla/Vladimir_Spidla_0003.jpg 1
Vladimir_Spidla/Vladimir_Spidla_0002.jpg Vladimir_Spidla/Vladimir_Spidla_0003.jpg 1
Win_Aung/Win_Aung_0001.jpg Win_Aung/Win_Aung_0003.jpg 1
Win_Aung/Win_Aung_0001.jpg Win_Aung/Win_Aung_0004.jpg 1
Zhang_Ziyi/Zhang_Ziyi_0001.jpg Zhang_Ziyi/Zhang_Ziyi_0003.jpg 1
Zhang_Ziyi/Zhang_Ziyi_0002.jpg Zhang_Ziyi/Zhang_Ziyi_0003.jpg 1
Adrian_Annus/Adrian_Annus_0001.jpg Jorge_Marquez-Ruarte/Jorge_Marquez-Ruarte_0001.jpg 0
Adrian_Annus/Adrian_Annus_0001.jpg Patrick_Bourrat/Patrick_Bourrat_0001.jpg 0
Adrian_Murrell/Adrian_Murrell_0001.jpg Jose_Cevallos/Jose_Cevallos_0001.jpg 0
Adrian_Murrell/Adrian_Murrell_0001.jpg Paul_Brandt/Paul_Brandt_0001.jpg 0
Ahmed_Ibrahim_Bilal/Ahmed_Ibrahim_Bilal_0001.jpg Beatrice_Dalle/Beatrice_Dalle_0001.jpg 0
Ahmed_Ibrahim_Bilal/Ahmed_Ibrahim_Bilal_0001.jpg Lee_Chang-dong/Lee_Chang-dong_0001.jpg 0
Aileen_Riggin_Soule/Aileen_Riggin_Soule_0001.jpg Norio_Ohga/Norio_Ohga_0001.jpg 0
Aitor_Gonzalez/Aitor_Gonzalez_0002.jpg Horace_Donovan_Reid/Horace_Donovan_Reid_0001.jpg 0
Ajit_Agarkar/Ajit_Agarkar_0001.jpg Jesse_James/Jesse_James_0001.jpg 0
Akbar_Al_Baker/Akbar_Al_Baker_0001.jpg Andrei_Konchalovsky/Andrei_Konchalovsky_0001.jpg 0
Akbar_Al_Baker/Akbar_Al_Baker_0001.jpg Bobby_Goldwater/Bobby_Goldwater_0001.jpg 0
Alain_Cervantes/Alain_Cervantes_0001.jpg Bob_Huggins/Bob_Huggins_0003.jpg 0
Alain_Cervantes/Alain_Cervantes_0001.jpg Pierre_Png/Pierre_Png_0001.jpg 0
Alanna_Ubach/Alanna_Ubach_0001.jpg Paul_Gascoigne/Paul_Gascoigne_0001.jpg 0
Alec_Baldwin/Alec_Baldwin_0004.jpg Goh_Kun/Goh_Kun_0002.jpg 0
Alex_Holmes/Alex_Holmes_0001.jpg Beatrice_Dalle/Beatrice_Dalle_0001.jpg 0
Alfred_Sant/Alfred_Sant_0001.jpg Randall_Tobias/Randall_Tobias_0001.jpg 0
Alfredo_Moreno/Alfredo_Moreno_0001.jpg Dyab_Abou_Jahjah/Dyab_Abou_Jahjah_0001.jpg 0
Alfredo_Moreno/Alfredo_Moreno_0001.jpg Suzanne_Torrance/Suzanne_Torrance_0001.jpg 0
Alfredo_Pena/Alfredo_Pena_0001.jpg Emmanuel_Milingo/Emmanuel_Milingo_0001.jpg 0
Alvaro_Noboa/Alvaro_Noboa_0001.jpg Phan_Van_Khai/Phan_Van_Khai_0001.jpg 0
Alvaro_Noboa/Alvaro_Noboa_0002.jpg Timothy_Rigas/Timothy_Rigas_0001.jpg 0
Amanda_Coetzer/Amanda_Coetzer_0001.jpg Bridgette_Wilson-Sampras/Bridgette_Wilson-Sampras_0002.jpg 0
Amanda_Coetzer/Amanda_Coetzer_0001.jpg Eddie_Jordan/Eddie_Jordan_0001.jpg 0
Amer_al-Saadi/Amer_al-Saadi_0004.jpg Miguel_Cotto/Miguel_Cotto_0001.jpg 0
Amy_Brenneman/Amy_Brenneman_0001.jpg Russell_Coutts/Russell_Coutts_0002.jpg 0
Amy_Brenneman/Amy_Brenneman_0001.jpg Terje_Roed-Larsen/Terje_Roed-Larsen_0001.jpg 0
Andrew_Firestone/Andrew_Firestone_0001.jpg Harry_Schmidt/Harry_Schmidt_0004.jpg 0
Andrew_Firestone/Andrew_Firestone_0001.jpg Ian_Campbell/Ian_Campbell_0001.jpg 0
Andrew_Firestone/Andrew_Firestone_0001.jpg Jose_Acasuso/Jose_Acasuso_0001.jpg 0
Andrew_Firestone/Andrew_Firestone_0001.jpg Omar_Sharif/Omar_Sharif_0004.jpg 0
Andy_Graves/Andy_Graves_0001.jpg Gil_de_Ferran/Gil_de_Ferran_0001.jpg 0
Angela_Alvarado_Rosa/Angela_Alvarado_Rosa_0001.jpg Gerald_Calabrese/Gerald_Calabrese_0001.jpg 0
Angela_Alvarado_Rosa/Angela_Alvarado_Rosa_0001.jpg Jeffrey_Jones/Jeffrey_Jones_0001.jpg 0
Anneli_Jaatteenmaki/Anneli_Jaatteenmaki_0002.jpg Eric_Robert_Rudolph/Eric_Robert_Rudolph_0002.jpg 0
Anneli_Jaatteenmaki/Anneli_Jaatteenmaki_0002.jpg Gerry_Adams/Gerry_Adams_0006.jpg 0
Anneli_Jaatteenmaki/Anneli_Jaatteenmaki_0002.jpg Jorge_Marquez-Ruarte/Jorge_Marquez-Ruarte_0001.jpg 0
Anthony_Corso/Anthony_Corso_0001.jpg Johnny_Benson/Johnny_Benson_0001.jpg 0
Anthony_Corso/Anthony_Corso_0001.jpg Ray_Allen/Ray_Allen_0003.jpg 0
Anthony_Pico/Anthony_Pico_0001.jpg Stephanie_Cohen_Aloro/Stephanie_Cohen_Aloro_0001.jpg 0
Ari_Fleischer/Ari_Fleischer_0001.jpg Razali_Ismail/Razali_Ismail_0001.jpg 0
Ari_Fleischer/Ari_Fleischer_0009.jpg Jean-Marc_de_La_Sabliere/Jean-Marc_de_La_Sabliere_0002.jpg 0
Arianna_Huffington/Arianna_Huffington_0004.jpg Philippe_Gagnon/Philippe_Gagnon_0001.jpg 0
Arnaud_Clement/Arnaud_Clement_0001.jpg Jeffrey_Jones/Jeffrey_Jones_0002.jpg 0
Arnaud_Clement/Arnaud_Clement_0001.jpg King_Gyanendra/King_Gyanendra_0001.jpg 0
Arnaud_Clement/Arnaud_Clement_0002.jpg Grady_Irvin_Jr/Grady_Irvin_Jr_0002.jpg 0
Arnold_Scott/Arnold_Scott_0001.jpg Randy_Dryer/Randy_Dryer_0001.jpg 0
Art_Howe/Art_Howe_0002.jpg Luciano_Bovicelli/Luciano_Bovicelli_0001.jpg 0
Art_Howe/Art_Howe_0003.jpg Teresa_Worbis/Teresa_Worbis_0001.jpg 0
Artieas_Shanks/Artieas_Shanks_0001.jpg Derek_King/Derek_King_0001.jpg 0
Astrid_Betancourt/Astrid_Betancourt_0001.jpg Frederick_Madden/Frederick_Madden_0001.jpg 0
Barbara_De_Brun/Barbara_De_Brun_0001.jpg Cosmo_Iacavazzi/Cosmo_Iacavazzi_0001.jpg 0
Barry_Collier/Barry_Collier_0001.jpg Narendra_Modi/Narendra_Modi_0001.jpg 0
Ben_Affleck/Ben_Affleck_0003.jpg Patricia_Hearst/Patricia_Hearst_0001.jpg 0
Ben_Affleck/Ben_Affleck_0004.jpg Daniel_Scioli/Daniel_Scioli_0001.jpg 0
Ben_Affleck/Ben_Affleck_0007.jpg Marcio_de_Souza/Marcio_de_Souza_0001.jpg 0
Ben_Broussard/Ben_Broussard_0001.jpg Rudi_Voeller/Rudi_Voeller_0001.jpg 0
Betsy_Smith/Betsy_Smith_0002.jpg Steven_Kinlock/Steven_Kinlock_0001.jpg 0
Betty_Williams/Betty_Williams_0001.jpg Mary_Catherine_Correll/Mary_Catherine_Correll_0001.jpg 0
Bianca_Jagger/Bianca_Jagger_0001.jpg Dario_Camuffo/Dario_Camuffo_0001.jpg 0
Bianca_Jagger/Bianca_Jagger_0001.jpg Fabricio_Oberto/Fabricio_Oberto_0001.jpg 0
Bill_Callahan/Bill_Callahan_0001.jpg Gina_Gershon/Gina_Gershon_0001.jpg 0
Bill_Kollar/Bill_Kollar_0001.jpg Gina_Gershon/Gina_Gershon_0001.jpg 0
Bill_Kollar/Bill_Kollar_0001.jpg Jose_Miguel_Aleman/Jose_Miguel_Aleman_0001.jpg 0
Bill_Kollar/Bill_Kollar_0001.jpg Mae_Jemison/Mae_Jemison_0001.jpg 0
Bill_Kollar/Bill_Kollar_0001.jpg Mohammed_Ashraf_Hafiz/Mohammed_Ashraf_Hafiz_0001.jpg 0
Bill_Kollar/Bill_Kollar_0001.jpg Patty_Sheehan/Patty_Sheehan_0001.jpg 0
Bill_Parsons/Bill_Parsons_0001.jpg Donna_Barrera/Donna_Barrera_0001.jpg 0
Bill_Stein/Bill_Stein_0001.jpg Vanessa_Incontrada/Vanessa_Incontrada_0004.jpg 0
Blythe_Hartley/Blythe_Hartley_0001.jpg Jackie_Dennis/Jackie_Dennis_0001.jpg 0
Blythe_Hartley/Blythe_Hartley_0002.jpg Gil_de_Ferran/Gil_de_Ferran_0002.jpg 0
Bob_Curtis/Bob_Curtis_0001.jpg Helen_Clark/Helen_Clark_0001.jpg 0
Bob_Huggins/Bob_Huggins_0003.jpg Sylvester_Stallone/Sylvester_Stallone_0002.jpg 0
Bobby_Goldwater/Bobby_Goldwater_0001.jpg John_Moxley/John_Moxley_0001.jpg 0
Bobby_Goldwater/Bobby_Goldwater_0001.jpg Ulrich_Kueperkoch/Ulrich_Kueperkoch_0001.jpg 0
Bono/Bono_0003.jpg Ian_Huntley/Ian_Huntley_0001.jpg 0
Brad_Garrett/Brad_Garrett_0001.jpg Hoda_Asfor/Hoda_Asfor_0001.jpg 0
Brad_Garrett/Brad_Garrett_0004.jpg Wang_Nan/Wang_Nan_0001.jpg 0
Brandon_Hammond/Brandon_Hammond_0001.jpg Thomas_Kelly/Thomas_Kelly_0001.jpg 0
Brandon_Robinson/Brandon_Robinson_0001.jpg Giovanny_Cordoba/Giovanny_Cordoba_0001.jpg 0
Brandon_Robinson/Brandon_Robinson_0001.jpg Michael_Linscott/Michael_Linscott_0001.jpg 0
Brandon_Robinson/Brandon_Robinson_0001.jpg Shi_Guangsheng/Shi_Guangsheng_0001.jpg 0
Brendan_Stai/Brendan_Stai_0001.jpg Dan_Guerrero/Dan_Guerrero_0001.jpg 0
Brett_Boone/Brett_Boone_0001.jpg Jean-Marc_de_La_Sabliere/Jean-Marc_de_La_Sabliere_0001.jpg 0
Brett_Boone/Brett_Boone_0001.jpg Teresa_Worbis/Teresa_Worbis_0001.jpg 0
Brian_Billick/Brian_Billick_0001.jpg Ian_Huntley/Ian_Huntley_0001.jpg 0
Brian_Billick/Brian_Billick_0001.jpg John_Wayne/John_Wayne_0001.jpg 0
Brian_Billick/Brian_Billick_0001.jpg Stephanie_Moore/Stephanie_Moore_0001.jpg 0
Brian_Olson/Brian_Olson_0001.jpg Roberto_Tovar/Roberto_Tovar_0001.jpg 0
Bud_Selig/Bud_Selig_0001.jpg Franz_Fischler/Franz_Fischler_0001.jpg 0
Bud_Selig/Bud_Selig_0003.jpg John_Duprey/John_Duprey_0001.jpg 0
Carla_Moreno/Carla_Moreno_0001.jpg Suzanne_Torrance/Suzanne_Torrance_0001.jpg 0
Carla_Moreno/Carla_Moreno_0001.jpg Tang_Jiaxuan/Tang_Jiaxuan_0003.jpg 0
Carlos_Beltran/Carlos_Beltran_0001.jpg Ulrich_Kueperkoch/Ulrich_Kueperkoch_0001.jpg 0
Carlos_Ghosn/Carlos_Ghosn_0001.jpg Jim_Paxson/Jim_Paxson_0001.jpg 0
Carlos_Ghosn/Carlos_Ghosn_0002.jpg Ray_Allen/Ray_Allen_0003.jpg 0
Carlton_Dotson/Carlton_Dotson_0001.jpg Jim_Paxson/Jim_Paxson_0001.jpg 0
Carlton_Dotson/Carlton_Dotson_0001.jpg Patrick_Bourrat/Patrick_Bourrat_0001.jpg 0
Carlton_Dotson/Carlton_Dotson_0001.jpg Porter_Goss/Porter_Goss_0001.jpg 0
Carlton_Dotson/Carlton_Dotson_0001.jpg Vyacheslav_Fetisov/Vyacheslav_Fetisov_0001.jpg 0
Cass_Ballenger/Cass_Ballenger_0001.jpg Norio_Ohga/Norio_Ohga_0001.jpg 0
Cecile_de_France/Cecile_de_France_0001.jpg Dyab_Abou_Jahjah/Dyab_Abou_Jahjah_0001.jpg 0
Cecile_de_France/Cecile_de_France_0001.jpg Terrence_Kiel/Terrence_Kiel_0001.jpg 0
Charles_Bell/Charles_Bell_0001.jpg Tatjana_Gsell/Tatjana_Gsell_0001.jpg 0
Charlotte_Rampling/Charlotte_Rampling_0001.jpg Lana_Clarkson/Lana_Clarkson_0002.jpg 0
Chick_Hearn/Chick_Hearn_0001.jpg Mohammed_Salmane/Mohammed_Salmane_0001.jpg 0
Christopher_Reeve/Christopher_Reeve_0004.jpg Pauline_Landers/Pauline_Landers_0001.jpg 0
Christopher_Reeve/Christopher_Reeve_0004.jpg Scott_OGrady/Scott_OGrady_0001.jpg 0
Cindy_Margolis/Cindy_Margolis_0001.jpg Mark_Cuban/Mark_Cuban_0002.jpg 0
Claire_Danes/Claire_Danes_0002.jpg Nadine_Vinzens/Nadine_Vinzens_0001.jpg 0
Claudio_Lopez/Claudio_Lopez_0001.jpg Gabrielle_Rose/Gabrielle_Rose_0001.jpg 0
Collis_Temple_III/Collis_Temple_III_0001.jpg Eva_Amurri/Eva_Amurri_0001.jpg 0
Collis_Temple_III/Collis_Temple_III_0001.jpg Rob_Niedermayer/Rob_Niedermayer_0001.jpg 0
Collis_Temple_III/Collis_Temple_III_0001.jpg Santiago_Botero/Santiago_Botero_0001.jpg 0
Collis_Temple_III/Collis_Temple_III_0001.jpg Simon_Chalk/Simon_Chalk_0001.jpg 0
Conan_OBrien/Conan_OBrien_0001.jpg Liliana_Cavani/Liliana_Cavani_0001.jpg 0
Corinna_Harfouch/Corinna_Harfouch_0001.jpg Ivo_Dubs/Ivo_Dubs_0001.jpg 0
Corinna_Harfouch/Corinna_Harfouch_0001.jpg Tim_Curry/Tim_Curry_0001.jpg 0
Cristina_Kirchner/Cristina_Kirchner_0001.jpg Stefanie_De_Roux/Stefanie_De_Roux_0001.jpg 0
Dan_Boyle/Dan_Boyle_0001.jpg Paul_Clark/Paul_Clark_0001.jpg 0
Dan_Boyle/Dan_Boyle_0001.jpg Thabo_Mbeki/Thabo_Mbeki_0003.jpg 0
Daniel_Chin/Daniel_Chin_0001.jpg Ian_Huntley/Ian_Huntley_0001.jpg 0
Daniel_Chin/Daniel_Chin_0001.jpg Jim_Letten/Jim_Letten_0001.jpg 0
Daniel_Chin/Daniel_Chin_0001.jpg Julia_Glass/Julia_Glass_0001.jpg 0
Daniel_Scioli/Daniel_Scioli_0001.jpg Lena_Katina/Lena_Katina_0001.jpg 0
Daniel_Scioli/Daniel_Scioli_0001.jpg Lindsay_Lohan/Lindsay_Lohan_0001.jpg 0
Dario_Camuffo/Dario_Camuffo_0001.jpg Eli_Stutsman/Eli_Stutsman_0001.jpg 0
David_Brinkley/David_Brinkley_0001.jpg Jeff_Bridges/Jeff_Bridges_0001.jpg 0
David_Brinkley/David_Brinkley_0001.jpg Stephen_Arigbabu/Stephen_Arigbabu_0001.jpg 0
David_Montoya/David_Montoya_0001.jpg Mary_Elizabeth_Mastrantonio/Mary_Elizabeth_Mastrantonio_0001.jpg 0
David_Siegel/David_Siegel_0001.jpg Francis_Mer/Francis_Mer_0001.jpg 0
Dennis_Johnson/Dennis_Johnson_0001.jpg Satnarine_Sharma/Satnarine_Sharma_0001.jpg 0
Denys_Arcand/Denys_Arcand_0001.jpg Nadine_Vinzens/Nadine_Vinzens_0002.jpg 0
Derek_Jeter/Derek_Jeter_0001.jpg Tian_Zhuang_Zhuang/Tian_Zhuang_Zhuang_0001.jpg 0
Derek_Jeter/Derek_Jeter_0003.jpg Jolanta_Kwasniewski/Jolanta_Kwasniewski_0002.jpg 0
Derek_King/Derek_King_0001.jpg Yasein_Taher/Yasein_Taher_0001.jpg 0
Derrick_Battie/Derrick_Battie_0001.jpg Ian_Huntley/Ian_Huntley_0001.jpg 0
Diego_Armando_Maradona/Diego_Armando_Maradona_0001.jpg Robert_Gordon_Card/Robert_Gordon_Card_0001.jpg 0
Don_King/Don_King_0001.jpg Thomas_Kelly/Thomas_Kelly_0001.jpg 0
Don_King/Don_King_0001.jpg Zurab_Tsereteli/Zurab_Tsereteli_0001.jpg 0
Donna_Barrera/Donna_Barrera_0001.jpg Francis_Mer/Francis_Mer_0002.jpg 0
Donna_Shalala/Donna_Shalala_0002.jpg Sereyvuth_Kem/Sereyvuth_Kem_0001.jpg 0
Duncan_Fletcher/Duncan_Fletcher_0001.jpg John_Cusack/John_Cusack_0002.jpg 0
Duncan_Fletcher/Duncan_Fletcher_0001.jpg Mike_Alden/Mike_Alden_0001.jpg 0
Dustin_Brown/Dustin_Brown_0001.jpg Jose_Cevallos/Jose_Cevallos_0001.jpg 0
Dyab_Abou_Jahjah/Dyab_Abou_Jahjah_0001.jpg John_Cornyn/John_Cornyn_0001.jpg 0
Ed_Mekertichian/Ed_Mekertichian_0001.jpg Paul_Clark/Paul_Clark_0001.jpg 0
Edmund_Hillary/Edmund_Hillary_0002.jpg Miguel_Cotto/Miguel_Cotto_0001.jpg 0
Elena_Likhovtseva/Elena_Likhovtseva_0001.jpg Marty_Mornhinweg/Marty_Mornhinweg_0002.jpg 0
Eli_Stutsman/Eli_Stutsman_0001.jpg Kalpana_Chawla/Kalpana_Chawla_0004.jpg 0
Eli_Stutsman/Eli_Stutsman_0001.jpg Marcio_de_Souza/Marcio_de_Souza_0001.jpg 0
Eli_Stutsman/Eli_Stutsman_0001.jpg Michael_Phelps/Michael_Phelps_0001.jpg 0
Elizabeth_Regan/Elizabeth_Regan_0001.jpg Eugene_Teslovic/Eugene_Teslovic_0001.jpg 0
Emmanuel_Milingo/Emmanuel_Milingo_0001.jpg Enrica_Fico/Enrica_Fico_0001.jpg 0
Enola_Rice/Enola_Rice_0001.jpg Lana_Clarkson/Lana_Clarkson_0002.jpg 0
Erin_Runnion/Erin_Runnion_0003.jpg Rob_Lowe/Rob_Lowe_0002.jpg 0
Eugene_Teslovic/Eugene_Teslovic_0001.jpg Goh_Kun/Goh_Kun_0001.jpg 0
Eugene_Teslovic/Eugene_Teslovic_0001.jpg Jean-Marc_de_La_Sabliere/Jean-Marc_de_La_Sabliere_0002.jpg 0
Eva_Amurri/Eva_Amurri_0001.jpg Tanya_Holyk/Tanya_Holyk_0001.jpg 0
Fabricio_Oberto/Fabricio_Oberto_0001.jpg Rudi_Voeller/Rudi_Voeller_0001.jpg 0
Felix_Sanchez/Felix_Sanchez_0001.jpg Ian_Moran/Ian_Moran_0001.jpg 0
Fernando_Henrique_Cardoso/Fernando_Henrique_Cardoso_0001.jpg Michael_Phelps/Michael_Phelps_0001.jpg 0
Fernando_Henrique_Cardoso/Fernando_Henrique_Cardoso_0008.jpg Sherry_Fisher/Sherry_Fisher_0001.jpg 0
Francis_Mer/Francis_Mer_0002.jpg Patrick_Bourrat/Patrick_Bourrat_0001.jpg 0
Franz_Fischler/Franz_Fischler_0002.jpg Robert_Lange/Robert_Lange_0001.jpg 0
Frederick_Madden/Frederick_Madden_0001.jpg Gary_Condit/Gary_Condit_0001.jpg 0
Gary_Bauer/Gary_Bauer_0001.jpg Greg_Hodge/Greg_Hodge_0001.jpg 0
Gary_Condit/Gary_Condit_0001.jpg Nathan_Lane/Nathan_Lane_0002.jpg 0
Gary_Locke/Gary_Locke_0001.jpg Marcio_de_Souza/Marcio_de_Souza_0001.jpg 0
Gen_Meredith/Gen_Meredith_0001.jpg Matthew_Vaughan/Matthew_Vaughan_0001.jpg 0
Gerry_Adams/Gerry_Adams_0008.jpg Jamir_Miller/Jamir_Miller_0001.jpg 0
Gilles_Panizzi/Gilles_Panizzi_0001.jpg Jim_Piper/Jim_Piper_0001.jpg 0
Gina_Gershon/Gina_Gershon_0001.jpg Patricia_Garone/Patricia_Garone_0001.jpg 0
Gina_Gershon/Gina_Gershon_0001.jpg Zhang_Ziyi/Zhang_Ziyi_0002.jpg 0
Giovanny_Cordoba/Giovanny_Cordoba_0001.jpg Jackie_Sherrill/Jackie_Sherrill_0001.jpg 0
Giovanny_Cordoba/Giovanny_Cordoba_0001.jpg Keith_Olbermann/Keith_Olbermann_0001.jpg 0
Grady_Irvin_Jr/Grady_Irvin_Jr_0002.jpg Oracene_Williams/Oracene_Williams_0001.jpg 0
Graeme_Smith/Graeme_Smith_0001.jpg John_Salazar/John_Salazar_0001.jpg 0
Graham_Bentley/Graham_Bentley_0001.jpg Jason_Clermont/Jason_Clermont_0001.jpg 0
Guillaume_Depardieu/Guillaume_Depardieu_0001.jpg Manuel_Llorente/Manuel_Llorente_0001.jpg 0
Gunter_Pleuger/Gunter_Pleuger_0001.jpg Nicole_Kidman/Nicole_Kidman_0002.jpg 0
Gunter_Pleuger/Gunter_Pleuger_0002.jpg Robby_Ginepri/Robby_Ginepri_0001.jpg 0
Gunter_Pleuger/Gunter_Pleuger_0003.jpg Vaclav_Klaus/Vaclav_Klaus_0001.jpg 0
Hanns_Schumacher/Hanns_Schumacher_0001.jpg Martin_Gecht/Martin_Gecht_0001.jpg 0
Henri_Proglio/Henri_Proglio_0001.jpg Ibrahim_Haddad/Ibrahim_Haddad_0001.jpg 0
Henri_Proglio/Henri_Proglio_0001.jpg Jeffery_Hendren/Jeffery_Hendren_0001.jpg 0
Hermann_Maier/Hermann_Maier_0001.jpg Phan_Van_Khai/Phan_Van_Khai_0001.jpg 0
Hermann_Maier/Hermann_Maier_0002.jpg Stephen_Arigbabu/Stephen_Arigbabu_0001.jpg 0
Hideki_Sato/Hideki_Sato_0001.jpg Peter_Mugyeni/Peter_Mugyeni_0001.jpg 0
Hideki_Sato/Hideki_Sato_0001.jpg Troy_Aikman/Troy_Aikman_0001.jpg 0
Hoda_Asfor/Hoda_Asfor_0001.jpg Juergen_Peters/Juergen_Peters_0001.jpg 0
Hoda_Asfor/Hoda_Asfor_0001.jpg Lindsay_Lohan/Lindsay_Lohan_0001.jpg 0
Horace_Donovan_Reid/Horace_Donovan_Reid_0001.jpg Rob_Lowe/Rob_Lowe_0001.jpg 0
Hunter_Kemper/Hunter_Kemper_0001.jpg Marsha_Thomason/Marsha_Thomason_0001.jpg 0
Ian_Campbell/Ian_Campbell_0001.jpg Mike_Alden/Mike_Alden_0001.jpg 0
Ian_Huntley/Ian_Huntley_0001.jpg Jalen_Rose/Jalen_Rose_0001.jpg 0
Ian_Huntley/Ian_Huntley_0001.jpg Sebastian_Saja/Sebastian_Saja_0002.jpg 0
Ian_Moran/Ian_Moran_0001.jpg Stephanie_Cohen_Aloro/Stephanie_Cohen_Aloro_0001.jpg 0
Ian_Thorpe/Ian_Thorpe_0005.jpg Mickey_Gilley/Mickey_Gilley_0001.jpg 0
Ignacio_Antonio_Velasco/Ignacio_Antonio_Velasco_0001.jpg Rich_Brooks/Rich_Brooks_0001.jpg 0
Iran_Brown/Iran_Brown_0001.jpg Margaret_Caruso/Margaret_Caruso_0001.jpg 0
Isabelle_Huppert/Isabelle_Huppert_0001.jpg Marcio_de_Souza/Marcio_de_Souza_0001.jpg 0
Isabelle_Huppert/Isabelle_Huppert_0002.jpg Phan_Van_Khai/Phan_Van_Khai_0003.jpg 0
Ivan_Shvedoff/Ivan_Shvedoff_0001.jpg Josh_Childress/Josh_Childress_0001.jpg 0
Ivan_Shvedoff/Ivan_Shvedoff_0001.jpg Miguel_Estrada/Miguel_Estrada_0002.jpg 0
Ivan_Shvedoff/Ivan_Shvedoff_0001.jpg Vojislav_Seselj/Vojislav_Seselj_0001.jpg 0
Izzat_Ibrahim/Izzat_Ibrahim_0001.jpg Jerry_Rice/Jerry_Rice_0001.jpg 0
Jacques_Villeneuve/Jacques_Villeneuve_0001.jpg Wim_Duisenberg/Wim_Duisenberg_0001.jpg 0
Jalen_Rose/Jalen_Rose_0001.jpg Suzanne_Torrance/Suzanne_Torrance_0001.jpg 0
James_Butts/James_Butts_0001.jpg Nicole_Kidman/Nicole_Kidman_0002.jpg 0
James_Butts/James_Butts_0002.jpg Jerry_Colangelo/Jerry_Colangelo_0001.jpg 0
James_Butts/James_Butts_0002.jpg Sherry_Fisher/Sherry_Fisher_0001.jpg 0
James_May/James_May_0001.jpg Trevor_McDonald/Trevor_McDonald_0001.jpg 0
James_May/James_May_0001.jpg Vaclav_Klaus/Vaclav_Klaus_0002.jpg 0
Jamie_Cooke/Jamie_Cooke_0001.jpg Kalpana_Chawla/Kalpana_Chawla_0005.jpg 0
Jamie_Cooke/Jamie_Cooke_0001.jpg Mickey_Rooney/Mickey_Rooney_0001.jpg 0
Jamir_Miller/Jamir_Miller_0001.jpg Laura_Hernandez/Laura_Hernandez_0001.jpg 0
Jana_Pittman/Jana_Pittman_0001.jpg Liv_Tyler/Liv_Tyler_0001.jpg 0
Jason_Clermont/Jason_Clermont_0001.jpg Jose_Carlo_Fernandez/Jose_Carlo_Fernandez_0001.jpg 0
Jason_Clermont/Jason_Clermont_0001.jpg Patty_Duke/Patty_Duke_0001.jpg 0
Jeff_Bridges/Jeff_Bridges_0001.jpg Landon_Donovan/Landon_Donovan_0001.jpg 0
Jeff_Bridges/Jeff_Bridges_0001.jpg Patty_Duke/Patty_Duke_0001.jpg 0
Jeffery_Hendren/Jeffery_Hendren_0001.jpg Jeremy_Wotherspoon/Jeremy_Wotherspoon_0001.jpg 0
Jennifer_McCoy/Jennifer_McCoy_0001.jpg Manuel_Llorente/Manuel_Llorente_0001.jpg 0
Jennifer_McCoy/Jennifer_McCoy_0001.jpg William_Cocksedge/William_Cocksedge_0001.jpg 0
Jerry_Colangelo/Jerry_Colangelo_0001.jpg Vin_Diesel/Vin_Diesel_0002.jpg 0
Jerry_Rice/Jerry_Rice_0001.jpg Joe_Gatti/Joe_Gatti_0002.jpg 0
Jessica_Brungo/Jessica_Brungo_0001.jpg Landon_Donovan/Landon_Donovan_0001.jpg 0
Jim_OBrien/Jim_OBrien_0001.jpg Nadine_Vinzens/Nadine_Vinzens_0001.jpg 0
Jim_Paxson/Jim_Paxson_0001.jpg Robert_Gordon_Card/Robert_Gordon_Card_0001.jpg 0
Joe_Gatti/Joe_Gatti_0002.jpg Mike_Samp/Mike_Samp_0001.jpg 0
Joel_Todd/Joel_Todd_0001.jpg John_Fox/John_Fox_0001.jpg 0
Joel_Todd/Joel_Todd_0001.jpg Momir_Nikolic/Momir_Nikolic_0001.jpg 0
John_Cornyn/John_Cornyn_0001.jpg Jose_Mourinho/Jose_Mourinho_0002.jpg 0
John_Cornyn/John_Cornyn_0001.jpg Robert_Weitzel/Robert_Weitzel_0001.jpg 0
John_Cornyn/John_Cornyn_0001.jpg Toshihiko_Fukui/Toshihiko_Fukui_0002.jpg 0
John_Dallager/John_Dallager_0001.jpg Jose_Canseco_Sr/Jose_Canseco_Sr_0001.jpg 0
John_Spencer/John_Spencer_0002.jpg Stephanie_Moore/Stephanie_Moore_0001.jpg 0
John_Walsh/John_Walsh_0001.jpg Kalpana_Chawla/Kalpana_Chawla_0001.jpg 0
John_Wright/John_Wright_0001.jpg Sandra_Milo/Sandra_Milo_0001.jpg 0
John_Wright/John_Wright_0001.jpg Trevor_McDonald/Trevor_McDonald_0001.jpg 0
Johnny_Benson/Johnny_Benson_0001.jpg Lana_Clarkson/Lana_Clarkson_0002.jpg 0
Johnny_Benson/Johnny_Benson_0001.jpg Teresa_Worbis/Teresa_Worbis_0001.jpg 0
Jolanta_Kwasniewski/Jolanta_Kwasniewski_0002.jpg Martin_Howard/Martin_Howard_0001.jpg 0
Jose_Canseco_Sr/Jose_Canseco_Sr_0001.jpg Julia_Glass/Julia_Glass_0001.jpg 0
Jose_Mourinho/Jose_Mourinho_0001.jpg Joseph_LePore/Joseph_LePore_0001.jpg 0
Jose_Mourinho/Jose_Mourinho_0002.jpg LeRoy_Millette_Jr/LeRoy_Millette_Jr_0001.jpg 0
Jose_Vicente_Rangel/Jose_Vicente_Rangel_0001.jpg Leuris_Pupo/Leuris_Pupo_0001.jpg 0
Jose_Vicente_Rangel/Jose_Vicente_Rangel_0001.jpg Scott_OGrady/Scott_OGrady_0001.jpg 0
Joy_Lee_Sadler/Joy_Lee_Sadler_0001.jpg Laurie_Chan/Laurie_Chan_0001.jpg 0
Joy_Lee_Sadler/Joy_Lee_Sadler_0001.jpg Norio_Ohga/Norio_Ohga_0001.jpg 0
Joy_Lee_Sadler/Joy_Lee_Sadler_0001.jpg Stephanie_Moore/Stephanie_Moore_0001.jpg 0
Karen_Pereiras/Karen_Pereiras_0001.jpg Michael_Phelps/Michael_Phelps_0002.jpg 0
Keith_Brown/Keith_Brown_0001.jpg Nicole_Kidman/Nicole_Kidman_0017.jpg 0
Keith_Brown/Keith_Brown_0001.jpg William_Harrison/William_Harrison_0001.jpg 0
Keith_Van_Horn/Keith_Van_Horn_0001.jpg Sherry_Fisher/Sherry_Fisher_0001.jpg 0
Kelli_White/Kelli_White_0001.jpg Rudi_Voeller/Rudi_Voeller_0001.jpg 0
King_Gyanendra/King_Gyanendra_0001.jpg Otto_Reich/Otto_Reich_0001.jpg 0
Lana_Clarkson/Lana_Clarkson_0001.jpg Mike_Samp/Mike_Samp_0001.jpg 0
Landon_Donovan/Landon_Donovan_0001.jpg Robby_Ginepri/Robby_Ginepri_0001.jpg 0
Larry_Tanenbaum/Larry_Tanenbaum_0001.jpg Mike_Samp/Mike_Samp_0001.jpg 0
Laura_Ziskin/Laura_Ziskin_0001.jpg Reyyan_Uzuner/Reyyan_Uzuner_0001.jpg 0
Laura_Ziskin/Laura_Ziskin_0001.jpg Robert_Gordon_Card/Robert_Gordon_Card_0001.jpg 0
LeRoy_Millette_Jr/LeRoy_Millette_Jr_0001.jpg Leuris_Pupo/Leuris_Pupo_0001.jpg 0
Lee_Chang-dong/Lee_Chang-dong_0001.jpg Phil_Bredesen/Phil_Bredesen_0001.jpg 0
Liliana_Cavani/Liliana_Cavani_0001.jpg Richard_Pennington/Richard_Pennington_0001.jpg 0
Lindsay_Lohan/Lindsay_Lohan_0001.jpg Mireya_Elisa_Moscoso_Rodriguez/Mireya_Elisa_Moscoso_Rodriguez_0001.jpg 0
Lloyd_Ward/Lloyd_Ward_0002.jpg Tina_Andrews/Tina_Andrews_0001.jpg 0
Mark_Heller/Mark_Heller_0001.jpg Nicolas_Kiefer/Nicolas_Kiefer_0001.jpg 0
Mark_Heller/Mark_Heller_0001.jpg Parris_Glendening/Parris_Glendening_0001.jpg 0
Mark_Heller/Mark_Heller_0001.jpg Peter_Hillary/Peter_Hillary_0002.jpg 0
Martin_Gecht/Martin_Gecht_0001.jpg Peter_Hillary/Peter_Hillary_0001.jpg 0
Mary_Elizabeth_Mastrantonio/Mary_Elizabeth_Mastrantonio_0001.jpg Vaclav_Klaus/Vaclav_Klaus_0001.jpg 0
Michael_Arif/Michael_Arif_0001.jpg Sean_Patrick_OMalley/Sean_Patrick_OMalley_0003.jpg 0
Michael_Linscott/Michael_Linscott_0001.jpg Tom_Brady/Tom_Brady_0002.jpg 0
Mick_Jagger/Mick_Jagger_0003.jpg Oracene_Williams/Oracene_Williams_0001.jpg 0
Mo_Elleithee/Mo_Elleithee_0001.jpg Tanya_Holyk/Tanya_Holyk_0001.jpg 0
Mohammed_Ashraf_Hafiz/Mohammed_Ashraf_Hafiz_0001.jpg Rod_Bryden/Rod_Bryden_0001.jpg 0
Mukhtar_Alytnbayev/Mukhtar_Alytnbayev_0001.jpg Oracene_Williams/Oracene_Williams_0001.jpg 0
Patricia_Garone/Patricia_Garone_0001.jpg Sean_Patrick_OMalley/Sean_Patrick_OMalley_0002.jpg 0
Patricia_Hearst/Patricia_Hearst_0001.jpg Scott_Dickson/Scott_Dickson_0001.jpg 0
Patty_Duke/Patty_Duke_0001.jpg Simon_Chalk/Simon_Chalk_0001.jpg 0
Paul_Bettany/Paul_Bettany_0001.jpg Ulrich_Kueperkoch/Ulrich_Kueperkoch_0001.jpg 0
Paul_Gascoigne/Paul_Gascoigne_0003.jpg Tian_Liang/Tian_Liang_0001.jpg 0
Paul_Greengrass/Paul_Greengrass_0001.jpg Tim_Pawlenty/Tim_Pawlenty_0001.jpg 0
Perry_Compton/Perry_Compton_0001.jpg William_Shatner/William_Shatner_0001.jpg 0
Peter_Camejo/Peter_Camejo_0001.jpg Ruth_Christofferson/Ruth_Christofferson_0001.jpg 0
Porter_Goss/Porter_Goss_0001.jpg Tara_Kirk/Tara_Kirk_0001.jpg 0
Rand_Miller/Rand_Miller_0001.jpg Robert_Nillson/Robert_Nillson_0001.jpg 0
Rich_Brooks/Rich_Brooks_0001.jpg Sharess_Harrell/Sharess_Harrell_0001.jpg 0
Richard_Pennington/Richard_Pennington_0001.jpg Robby_Ginepri/Robby_Ginepri_0002.jpg 0
Robert_Gordon_Card/Robert_Gordon_Card_0001.jpg William_Shatner/William_Shatner_0001.jpg 0
Robert_Kipkoech_Cheruiyot/Robert_Kipkoech_Cheruiyot_0001.jpg Sally_Kirkland/Sally_Kirkland_0003.jpg 0
Robert_Kipkoech_Cheruiyot/Robert_Kipkoech_Cheruiyot_0001.jpg Steve_Park/Steve_Park_0001.jpg 0
Russell_Coutts/Russell_Coutts_0001.jpg Tian_Liang/Tian_Liang_0001.jpg 0
Sandra_Milo/Sandra_Milo_0001.jpg Satnarine_Sharma/Satnarine_Sharma_0001.jpg 0
Steve_Nesbitt/Steve_Nesbitt_0001.jpg Win_Aung/Win_Aung_0004.jpg 0
Sylvester_Stallone/Sylvester_Stallone_0007.jpg TJ_Ford/TJ_Ford_0001.jpg 0
Sylvie_Guillem/Sylvie_Guillem_0001.jpg Vadim_Devyatovskiy/Vadim_Devyatovskiy_0001.jpg 0
Tara_Kirk/Tara_Kirk_0001.jpg Win_Aung/Win_Aung_0001.jpg 0
