Abdel_Nasser_Assidi/Abdel_Nasser_Assidi_0001.jpg Abdel_Nasser_Assidi/Abdel_Nasser_Assidi_0002.jpg 1
Ai_Sugiyama/Ai_Sugiyama_0001.jpg Ai_Sugiyama/Ai_Sugiyama_0002.jpg 1
Ai_Sugiyama/Ai_Sugiyama_0001.jpg Ai_Sugiyama/Ai_Sugiyama_0004.jpg 1
Ai_Sugiyama/Ai_Sugiyama_0004.jpg Ai_Sugiyama/Ai_Sugiyama_0005.jpg 1
Aldo_Paredes/Aldo_Paredes_0001.jpg Aldo_Paredes/Aldo_Paredes_0002.jpg 1
Alejandro_Avila/Alejandro_Avila_0001.jpg Alejandro_Avila/Alejandro_Avila_0002.jpg 1
Alejandro_Avila/Alejandro_Avila_0001.jpg Alejandro_Avila/Alejandro_Avila_0003.jpg 1
Alex_Sink/Alex_Sink_0002.jpg Alex_Sink/Alex_Sink_0003.jpg 1
Allen_Iverson/Allen_Iverson_0001.jpg Allen_Iverson/Allen_Iverson_0002.jpg 1
Amram_Mitzna/Amram_Mitzna_0001.jpg Amram_Mitzna/Amram_Mitzna_0002.jpg 1
Andrew_Niccol/Andrew_Niccol_0001.jpg Andrew_Niccol/Andrew_Niccol_0002.jpg 1
Andy_Hebb/Andy_Hebb_0001.jpg Andy_Hebb/Andy_Hebb_0002.jpg 1
Anne_Krueger/Anne_Krueger_0001.jpg Anne_Krueger/Anne_Krueger_0002.jpg 1
Anne_McLellan/Anne_McLellan_0001.jpg Anne_McLellan/Anne_McLellan_0003.jpg 1
Anne_McLellan/Anne_McLellan_0002.jpg Anne_McLellan/Anne_McLellan_0003.jpg 1
Annette_Bening/Annette_Bening_0001.jpg Annette_Bening/Annette_Bening_0002.jpg 1
Anthony_Hopkins/Anthony_Hopkins_0001.jpg Anthony_Hopkins/Anthony_Hopkins_0002.jpg 1
Ariel_Sharon/Ariel_Sharon_0016.jpg Ariel_Sharon/Ariel_Sharon_0045.jpg 1
Arminio_Fraga/Arminio_Fraga_0001.jpg Arminio_Fraga/Arminio_Fraga_0006.jpg 1
Arminio_Fraga/Arminio_Fraga_0002.jpg Arminio_Fraga/Arminio_Fraga_0004.jpg 1
Arminio_Fraga/Arminio_Fraga_0003.jpg Arminio_Fraga/Arminio_Fraga_0006.jpg 1
Arminio_Fraga/Arminio_Fraga_0004.jpg Arminio_Fraga/Arminio_Fraga_0006.jpg 1
Art_Hoffmann/Art_Hoffmann_0001.jpg Art_Hoffmann/Art_Hoffmann_0002.jpg 1
Ashanti/Ashanti_0001.jpg Ashanti/Ashanti_0003.jpg 1
Ashanti/Ashanti_0001.jpg Ashanti/Ashanti_0004.jpg 1
Ashanti/Ashanti_0002.jpg Ashanti/Ashanti_0005.jpg 1
Ashanti/Ashanti_0003.jpg Ashanti/Ashanti_0005.jpg 1
Ashanti/Ashanti_0004.jpg Ashanti/Ashanti_0005.jpg 1
Augustin_Calleri/Augustin_Calleri_0001.jpg Augustin_Calleri/Augustin_Calleri_0002.jpg 1
Augustin_Calleri/Augustin_Calleri_0002.jpg Augustin_Calleri/Augustin_Calleri_0004.jpg 1
Augustin_Calleri/Augustin_Calleri_0003.jpg Augustin_Calleri/Augustin_Calleri_0004.jpg 1
Bertie_Ahern/Bertie_Ahern_0001.jpg Bertie_Ahern/Bertie_Ahern_0002.jpg 1
Bertie_Ahern/Bertie_Ahern_0001.jpg Bertie_Ahern/Bertie_Ahern_0004.jpg 1
Bertie_Ahern/Bertie_Ahern_0001.jpg Bertie_Ahern/Bertie_Ahern_0005.jpg 1
Bertie_Ahern/Bertie_Ahern_0002.jpg Bertie_Ahern/Bertie_Ahern_0003.jpg 1
Bertie_Ahern/Bertie_Ahern_0003.jpg Bertie_Ahern/Bertie_Ahern_0005.jpg 1
Bill_Clinton/Bill_Clinton_0002.jpg Bill_Clinton/Bill_Clinton_0004.jpg 1
Bill_Clinton/Bill_Clinton_0006.jpg Bill_Clinton/Bill_Clinton_0008.jpg 1
Bill_Clinton/Bill_Clinton_0006.jpg Bill_Clinton/Bill_Clinton_0010.jpg 1
Bill_Clinton/Bill_Clinton_0008.jpg Bill_Clinton/Bill_Clinton_0010.jpg 1
Bill_Clinton/Bill_Clinton_0009.jpg Bill_Clinton/Bill_Clinton_0012.jpg 1
Bill_Clinton/Bill_Clinton_0010.jpg Bill_Clinton/Bill_Clinton_0029.jpg 1
Bill_Clinton/Bill_Clinton_0018.jpg Bill_Clinton/Bill_Clinton_0028.jpg 1
Bill_McBride/Bill_McBride_0004.jpg Bill_McBride/Bill_McBride_0007.jpg 1
Bill_McBride/Bill_McBride_0004.jpg Bill_McBride/Bill_McBride_0010.jpg 1
Bill_Parcells/Bill_Parcells_0001.jpg Bill_Parcells/Bill_Parcells_0002.jpg 1
Binyamin_Ben-Eliezer/Binyamin_Ben-Eliezer_0003.jpg Binyamin_Ben-Eliezer/Binyamin_Ben-Eliezer_0005.jpg 1
Binyamin_Ben-Eliezer/Binyamin_Ben-Eliezer_0005.jpg Binyamin_Ben-Eliezer/Binyamin_Ben-Eliezer_0006.jpg 1
Binyamin_Ben-Eliezer/Binyamin_Ben-Eliezer_0006.jpg Binyamin_Ben-Eliezer/Binyamin_Ben-Eliezer_0007.jpg 1
Brendan_Hansen/Brendan_Hansen_0001.jpg Brendan_Hansen/Brendan_Hansen_0002.jpg 1
Brian_Wells/Brian_Wells_0001.jpg Brian_Wells/Brian_Wells_0002.jpg 1
Carlos_Quintanilla_Schmidt/Carlos_Quintanilla_Schmidt_0001.jpg Carlos_Quintanilla_Schmidt/Carlos_Quintanilla_Schmidt_0002.jpg 1
Carolina_Moraes/Carolina_Moraes_0001.jpg Carolina_Moraes/Carolina_Moraes_0002.jpg 1
Cecilia_Bolocco/Cecilia_Bolocco_0001.jpg Cecilia_Bolocco/Cecilia_Bolocco_0002.jpg 1
Cecilia_Bolocco/Cecilia_Bolocco_0001.jpg Cecilia_Bolocco/Cecilia_Bolocco_0003.jpg 1
Cecilia_Bolocco/Cecilia_Bolocco_0002.jpg Cecilia_Bolocco/Cecilia_Bolocco_0003.jpg 1
Cesar_Gaviria/Cesar_Gaviria_0002.jpg Cesar_Gaviria/Cesar_Gaviria_0004.jpg 1
Cesar_Gaviria/Cesar_Gaviria_0002.jpg Cesar_Gaviria/Cesar_Gaviria_0005.jpg 1
Cesar_Gaviria/Cesar_Gaviria_0003.jpg Cesar_Gaviria/Cesar_Gaviria_0006.jpg 1
Cesar_Gaviria/Cesar_Gaviria_0003.jpg Cesar_Gaviria/Cesar_Gaviria_0007.jpg 1
Cesar_Gaviria/Cesar_Gaviria_0004.jpg Cesar_Gaviria/Cesar_Gaviria_0006.jpg 1
Charlie_Zaa/Charlie_Zaa_0001.jpg Charlie_Zaa/Charlie_Zaa_0002.jpg 1
Chita_Rivera/Chita_Rivera_0001.jpg Chita_Rivera/Chita_Rivera_0002.jpg 1
Christian_Longo/Christian_Longo_0001.jpg Christian_Longo/Christian_Longo_0002.jpg 1
Christian_Longo/Christian_Longo_0001.jpg Christian_Longo/Christian_Longo_0003.jpg 1
Christian_Wulff/Christian_Wulff_0001.jpg Christian_Wulff/Christian_Wulff_0002.jpg 1
Colin_Jackson/Colin_Jackson_0001.jpg Colin_Jackson/Colin_Jackson_0002.jpg 1
Darrell_Issa/Darrell_Issa_0001.jpg Darrell_Issa/Darrell_Issa_0002.jpg 1
Darrell_Porter/Darrell_Porter_0001.jpg Darrell_Porter/Darrell_Porter_0002.jpg 1
Dave_Campo/Dave_Campo_0001.jpg Dave_Campo/Dave_Campo_0003.jpg 1
David_Dodge/David_Dodge_0001.jpg David_Dodge/David_Dodge_0002.jpg 1
David_Heyman/David_Heyman_0001.jpg David_Heyman/David_Heyman_0002.jpg 1
David_Spade/David_Spade_0001.jpg David_Spade/David_Spade_0002.jpg 1
David_Wells/David_Wells_0001.jpg David_Wells/David_Wells_0005.jpg 1
David_Wells/David_Wells_0001.jpg David_Wells/David_Wells_0006.jpg 1
David_Wells/David_Wells_0001.jpg David_Wells/David_Wells_0007.jpg 1
David_Wells/David_Wells_0002.jpg David_Wells/David_Wells_0006.jpg 1
David_Wells/David_Wells_0005.jpg David_Wells/David_Wells_0006.jpg 1
Debbie_Reynolds/Debbie_Reynolds_0001.jpg Debbie_Reynolds/Debbie_Reynolds_0003.jpg 1
Debbie_Reynolds/Debbie_Reynolds_0002.jpg Debbie_Reynolds/Debbie_Reynolds_0004.jpg 1
Dexter_Jackson/Dexter_Jackson_0001.jpg Dexter_Jackson/Dexter_Jackson_0002.jpg 1
Diana_Taurasi/Diana_Taurasi_0001.jpg Diana_Taurasi/Diana_Taurasi_0002.jpg 1
Donald_Evans/Donald_Evans_0001.jpg Donald_Evans/Donald_Evans_0002.jpg 1
Duane_Lee_Chapman/Duane_Lee_Chapman_0001.jpg Duane_Lee_Chapman/Duane_Lee_Chapman_0002.jpg 1
Ed_Smart/Ed_Smart_0001.jpg Ed_Smart/Ed_Smart_0003.jpg 1
Eileen_Coparropa/Eileen_Coparropa_0001.jpg Eileen_Coparropa/Eileen_Coparropa_0002.jpg 1
Eileen_Coparropa/Eileen_Coparropa_0001.jpg Eileen_Coparropa/Eileen_Coparropa_0003.jpg 1
Eileen_Coparropa/Eileen_Coparropa_0002.jpg Eileen_Coparropa/Eileen_Coparropa_0003.jpg 1
Elizabeth_Dole/Elizabeth_Dole_0001.jpg Elizabeth_Dole/Elizabeth_Dole_0003.jpg 1
Elizabeth_Dole/Elizabeth_Dole_0002.jpg Elizabeth_Dole/Elizabeth_Dole_0004.jpg 1
Fred_Funk/Fred_Funk_0001.jpg Fred_Funk/Fred_Funk_0002.jpg 1
Gabriel_Valdes/Gabriel_Valdes_0001.jpg Gabriel_Valdes/Gabriel_Valdes_0002.jpg 1
Gary_Winnick/Gary_Winnick_0001.jpg Gary_Winnick/Gary_Winnick_0002.jpg 1
Geno_Auriemma/Geno_Auriemma_0001.jpg Geno_Auriemma/Geno_Auriemma_0002.jpg 1
George_Karl/George_Karl_0001.jpg George_Karl/George_Karl_0002.jpg 1
George_Robertson/George_Robertson_0002.jpg George_Robertson/George_Robertson_0003.jpg 1
George_Robertson/George_Robertson_0003.jpg George_Robertson/George_Robertson_0019.jpg 1
George_Robertson/George_Robertson_0007.jpg George_Robertson/George_Robertson_0019.jpg 1
George_Robertson/George_Robertson_0011.jpg George_Robertson/George_Robertson_0012.jpg 1
George_Ryan/George_Ryan_0001.jpg George_Ryan/George_Ryan_0004.jpg 1
George_Ryan/George_Ryan_0002.jpg George_Ryan/George_Ryan_0003.jpg 1
George_W_Bush/George_W_Bush_0007.jpg George_W_Bush/George_W_Bush_0065.jpg 1
George_W_Bush/George_W_Bush_0016.jpg George_W_Bush/George_W_Bush_0482.jpg 1
George_W_Bush/George_W_Bush_0145.jpg George_W_Bush/George_W_Bush_0150.jpg 1
George_W_Bush/George_W_Bush_0145.jpg George_W_Bush/George_W_Bush_0238.jpg 1
George_W_Bush/George_W_Bush_0203.jpg George_W_Bush/George_W_Bush_0247.jpg 1
Gloria_Trevi/Gloria_Trevi_0001.jpg Gloria_Trevi/Gloria_Trevi_0002.jpg 1
Gloria_Trevi/Gloria_Trevi_0002.jpg Gloria_Trevi/Gloria_Trevi_0003.jpg 1
Gloria_Trevi/Gloria_Trevi_0002.jpg Gloria_Trevi/Gloria_Trevi_0004.jpg 1
Gordon_Campbell/Gordon_Campbell_0001.jpg Gordon_Campbell/Gordon_Campbell_0002.jpg 1
Greg_Rusedski/Greg_Rusedski_0001.jpg Greg_Rusedski/Greg_Rusedski_0002.jpg 1
Greg_Rusedski/Greg_Rusedski_0002.jpg Greg_Rusedski/Greg_Rusedski_0003.jpg 1
Greg_Rusedski/Greg_Rusedski_0002.jpg Greg_Rusedski/Greg_Rusedski_0004.jpg 1
Greg_Rusedski/Greg_Rusedski_0003.jpg Greg_Rusedski/Greg_Rusedski_0004.jpg 1
Gustavo_Kuerten/Gustavo_Kuerten_0001.jpg Gustavo_Kuerten/Gustavo_Kuerten_0002.jpg 1
Gustavo_Kuerten/Gustavo_Kuerten_0002.jpg Gustavo_Kuerten/Gustavo_Kuerten_0003.jpg 1
Guy_Hemmings/Guy_Hemmings_0001.jpg Guy_Hemmings/Guy_Hemmings_0002.jpg 1
Halle_Berry/Halle_Berry_0006.jpg Halle_Berry/Halle_Berry_0007.jpg 1
Halle_Berry/Halle_Berry_0006.jpg Halle_Berry/Halle_Berry_0009.jpg 1
Halle_Berry/Halle_Berry_0007.jpg Halle_Berry/Halle_Berry_0009.jpg 1
Heather_Mills/Heather_Mills_0002.jpg Heather_Mills/Heather_Mills_0003.jpg 1
Heather_Mills/Heather_Mills_0002.jpg Heather_Mills/Heather_Mills_0004.jpg 1
Heidi_Fleiss/Heidi_Fleiss_0001.jpg Heidi_Fleiss/Heidi_Fleiss_0002.jpg 1
Heidi_Fleiss/Heidi_Fleiss_0001.jpg Heidi_Fleiss/Heidi_Fleiss_0003.jpg 1
Henrique_Meirelles/Henrique_Meirelles_0001.jpg Henrique_Meirelles/Henrique_Meirelles_0002.jpg 1
Iva_Majoli/Iva_Majoli_0001.jpg Iva_Majoli/Iva_Majoli_0002.jpg 1
Jake_Gyllenhaal/Jake_Gyllenhaal_0003.jpg Jake_Gyllenhaal/Jake_Gyllenhaal_0005.jpg 1
Jake_Gyllenhaal/Jake_Gyllenhaal_0004.jpg Jake_Gyllenhaal/Jake_Gyllenhaal_0005.jpg 1
James_Cunningham/James_Cunningham_0001.jpg James_Cunningham/James_Cunningham_0002.jpg 1
James_Cunningham/James_Cunningham_0001.jpg James_Cunningham/James_Cunningham_0003.jpg 1
James_Cunningham/James_Cunningham_0002.jpg James_Cunningham/James_Cunningham_0003.jpg 1
James_Parker/James_Parker_0001.jpg James_Parker/James_Parker_0002.jpg 1
James_Wolfensohn/James_Wolfensohn_0002.jpg James_Wolfensohn/James_Wolfensohn_0005.jpg 1
Jason_Lezak/Jason_Lezak_0001.jpg Jason_Lezak/Jason_Lezak_0002.jpg 1
Jay_Rasulo/Jay_Rasulo_0001.jpg Jay_Rasulo/Jay_Rasulo_0002.jpg 1
Jean-Claude_Juncker/Jean-Claude_Juncker_0001.jpg Jean-Claude_Juncker/Jean-Claude_Juncker_0002.jpg 1
Jennifer_Lopez/Jennifer_Lopez_0001.jpg Jennifer_Lopez/Jennifer_Lopez_0003.jpg 1
Jennifer_Lopez/Jennifer_Lopez_0002.jpg Jennifer_Lopez/Jennifer_Lopez_0016.jpg 1
Jennifer_Lopez/Jennifer_Lopez_0003.jpg Jennifer_Lopez/Jennifer_Lopez_0010.jpg 1
Jennifer_Lopez/Jennifer_Lopez_0003.jpg Jennifer_Lopez/Jennifer_Lopez_0014.jpg 1
Jesse_Jackson/Jesse_Jackson_0001.jpg Jesse_Jackson/Jesse_Jackson_0003.jpg 1
Jesse_Jackson/Jesse_Jackson_0005.jpg Jesse_Jackson/Jesse_Jackson_0008.jpg 1
Jesse_Jackson/Jesse_Jackson_0007.jpg Jesse_Jackson/Jesse_Jackson_0008.jpg 1
Jesse_James_Leija/Jesse_James_Leija_0001.jpg Jesse_James_Leija/Jesse_James_Leija_0002.jpg 1
Jesse_Ventura/Jesse_Ventura_0002.jpg Jesse_Ventura/Jesse_Ventura_0003.jpg 1
Jia_Qinglin/Jia_Qinglin_0001.jpg Jia_Qinglin/Jia_Qinglin_0002.jpg 1
Jim_Tressel/Jim_Tressel_0001.jpg Jim_Tressel/Jim_Tressel_0002.jpg 1
Jim_Tressel/Jim_Tressel_0001.jpg Jim_Tressel/Jim_Tressel_0004.jpg 1
Jim_Tressel/Jim_Tressel_0002.jpg Jim_Tressel/Jim_Tressel_0004.jpg 1
Joan_Laporta/Joan_Laporta_0001.jpg Joan_Laporta/Joan_Laporta_0006.jpg 1
Joan_Laporta/Joan_Laporta_0006.jpg Joan_Laporta/Joan_Laporta_0007.jpg 1
Joan_Laporta/Joan_Laporta_0006.jpg Joan_Laporta/Joan_Laporta_0008.jpg 1
Joe_Dumars/Joe_Dumars_0001.jpg Joe_Dumars/Joe_Dumars_0002.jpg 1
John_Ashcroft/John_Ashcroft_0003.jpg John_Ashcroft/John_Ashcroft_0005.jpg 1
John_Ashcroft/John_Ashcroft_0013.jpg John_Ashcroft/John_Ashcroft_0034.jpg 1
John_Ashcroft/John_Ashcroft_0042.jpg John_Ashcroft/John_Ashcroft_0043.jpg 1
John_Bolton/John_Bolton_0006.jpg John_Bolton/John_Bolton_0007.jpg 1
John_Bolton/John_Bolton_0011.jpg John_Bolton/John_Bolton_0016.jpg 1
John_Swofford/John_Swofford_0001.jpg John_Swofford/John_Swofford_0002.jpg 1
John_Swofford/John_Swofford_0001.jpg John_Swofford/John_Swofford_0003.jpg 1
John_Timoney/John_Timoney_0001.jpg John_Timoney/John_Timoney_0002.jpg 1
Jon_Gruden/Jon_Gruden_0001.jpg Jon_Gruden/Jon_Gruden_0002.jpg 1
Jon_Gruden/Jon_Gruden_0002.jpg Jon_Gruden/Jon_Gruden_0005.jpg 1
Jon_Gruden/Jon_Gruden_0003.jpg Jon_Gruden/Jon_Gruden_0006.jpg 1
Jon_Gruden/Jon_Gruden_0003.jpg Jon_Gruden/Jon_Gruden_0007.jpg 1
Julie_Taymor/Julie_Taymor_0001.jpg Julie_Taymor/Julie_Taymor_0002.jpg 1
Kamal_Kharrazi/Kamal_Kharrazi_0001.jpg Kamal_Kharrazi/Kamal_Kharrazi_0005.jpg 1
Kamal_Kharrazi/Kamal_Kharrazi_0002.jpg Kamal_Kharrazi/Kamal_Kharrazi_0003.jpg 1
Kamal_Kharrazi/Kamal_Kharrazi_0002.jpg Kamal_Kharrazi/Kamal_Kharrazi_0006.jpg 1
Karin_Stoiber/Karin_Stoiber_0001.jpg Karin_Stoiber/Karin_Stoiber_0002.jpg 1
Kim_Yong-il/Kim_Yong-il_0001.jpg Kim_Yong-il/Kim_Yong-il_0002.jpg 1
Kim_Yong-il/Kim_Yong-il_0001.jpg Kim_Yong-il/Kim_Yong-il_0003.jpg 1
Kimi_Raikkonen/Kimi_Raikkonen_0001.jpg Kimi_Raikkonen/Kimi_Raikkonen_0003.jpg 1
Kimi_Raikkonen/Kimi_Raikkonen_0002.jpg Kimi_Raikkonen/Kimi_Raikkonen_0003.jpg 1
Kjell_Magne_Bondevik/Kjell_Magne_Bondevik_0001.jpg Kjell_Magne_Bondevik/Kjell_Magne_Bondevik_0003.jpg 1
Kobe_Bryant/Kobe_Bryant_0001.jpg Kobe_Bryant/Kobe_Bryant_0002.jpg 1
Kurt_Warner/Kurt_Warner_0001.jpg Kurt_Warner/Kurt_Warner_0002.jpg 1
Kurt_Warner/Kurt_Warner_0001.jpg Kurt_Warner/Kurt_Warner_0004.jpg 1
Kurt_Warner/Kurt_Warner_0002.jpg Kurt_Warner/Kurt_Warner_0004.jpg 1
Kurt_Warner/Kurt_Warner_0003.jpg Kurt_Warner/Kurt_Warner_0005.jpg 1
Kwon_Yang-sook/Kwon_Yang-sook_0001.jpg Kwon_Yang-sook/Kwon_Yang-sook_0003.jpg 1
Kwon_Yang-sook/Kwon_Yang-sook_0002.jpg Kwon_Yang-sook/Kwon_Yang-sook_0003.jpg 1
Lee_Jun/Lee_Jun_0001.jpg Lee_Jun/Lee_Jun_0002.jpg 1
Leonid_Kuchma/Leonid_Kuchma_0001.jpg Leonid_Kuchma/Leonid_Kuchma_0002.jpg 1
Leonid_Kuchma/Leonid_Kuchma_0001.jpg Leonid_Kuchma/Leonid_Kuchma_0003.jpg 1
Leonid_Kuchma/Leonid_Kuchma_0002.jpg Leonid_Kuchma/Leonid_Kuchma_0003.jpg 1
Leonid_Kuchma/Leonid_Kuchma_0002.jpg Leonid_Kuchma/Leonid_Kuchma_0005.jpg 1
Leonid_Kuchma/Leonid_Kuchma_0004.jpg Leonid_Kuchma/Leonid_Kuchma_0005.jpg 1
Lina_Krasnoroutskaya/Lina_Krasnoroutskaya_0001.jpg Lina_Krasnoroutskaya/Lina_Krasnoroutskaya_0002.jpg 1
Lisa_Raymond/Lisa_Raymond_0001.jpg Lisa_Raymond/Lisa_Raymond_0002.jpg 1
Lord_Hutton/Lord_Hutton_0001.jpg Lord_Hutton/Lord_Hutton_0002.jpg 1
Luiz_Felipe_Scolari/Luiz_Felipe_Scolari_0001.jpg Luiz_Felipe_Scolari/Luiz_Felipe_Scolari_0002.jpg 1
Lynn_Redgrave/Lynn_Redgrave_0002.jpg Lynn_Redgrave/Lynn_Redgrave_0003.jpg 1
Magdalena_Maleeva/Magdalena_Maleeva_0001.jpg Magdalena_Maleeva/Magdalena_Maleeva_0002.jpg 1
Magdalena_Maleeva/Magdalena_Maleeva_0001.jpg Magdalena_Maleeva/Magdalena_Maleeva_0003.jpg 1
Magdalena_Maleeva/Magdalena_Maleeva_0002.jpg Magdalena_Maleeva/Magdalena_Maleeva_0003.jpg 1
Marcelo_Ebrard/Marcelo_Ebrard_0001.jpg Marcelo_Ebrard/Marcelo_Ebrard_0002.jpg 1
Marcelo_Ebrard/Marcelo_Ebrard_0001.jpg Marcelo_Ebrard/Marcelo_Ebrard_0003.jpg 1
Marcelo_Rios/Marcelo_Rios_0001.jpg Marcelo_Rios/Marcelo_Rios_0003.jpg 1
Marcelo_Rios/Marcelo_Rios_0001.jpg Marcelo_Rios/Marcelo_Rios_0004.jpg 1
Marcelo_Rios/Marcelo_Rios_0002.jpg Marcelo_Rios/Marcelo_Rios_0003.jpg 1
Marcelo_Rios/Marcelo_Rios_0003.jpg Marcelo_Rios/Marcelo_Rios_0004.jpg 1
Marcelo_Rios/Marcelo_Rios_0003.jpg Marcelo_Rios/Marcelo_Rios_0005.jpg 1
Maria_Shriver/Maria_Shriver_0001.jpg Maria_Shriver/Maria_Shriver_0007.jpg 1
Maria_Shriver/Maria_Shriver_0001.jpg Maria_Shriver/Maria_Shriver_0008.jpg 1
Maria_Shriver/Maria_Shriver_0002.jpg Maria_Shriver/Maria_Shriver_0006.jpg 1
Maria_Shriver/Maria_Shriver_0002.jpg Maria_Shriver/Maria_Shriver_0008.jpg 1
Maria_Shriver/Maria_Shriver_0003.jpg Maria_Shriver/Maria_Shriver_0008.jpg 1
Marilyn_Monroe/Marilyn_Monroe_0001.jpg Marilyn_Monroe/Marilyn_Monroe_0002.jpg 1
Mario_Cipollini/Mario_Cipollini_0001.jpg Mario_Cipollini/Mario_Cipollini_0002.jpg 1
Mark_Hurlbert/Mark_Hurlbert_0001.jpg Mark_Hurlbert/Mark_Hurlbert_0005.jpg 1
Mark_Hurlbert/Mark_Hurlbert_0002.jpg Mark_Hurlbert/Mark_Hurlbert_0003.jpg 1
Mark_Hurlbert/Mark_Hurlbert_0002.jpg Mark_Hurlbert/Mark_Hurlbert_0004.jpg 1
Martin_Scorsese/Martin_Scorsese_0002.jpg Martin_Scorsese/Martin_Scorsese_0005.jpg 1
Martin_Scorsese/Martin_Scorsese_0003.jpg Martin_Scorsese/Martin_Scorsese_0004.jpg 1
Marwan_Barghouthi/Marwan_Barghouthi_0001.jpg Marwan_Barghouthi/Marwan_Barghouthi_0002.jpg 1
Michael_Bloomberg/Michael_Bloomberg_0001.jpg Michael_Bloomberg/Michael_Bloomberg_0012.jpg 1
Michael_Bloomberg/Michael_Bloomberg_0003.jpg Michael_Bloomberg/Michael_Bloomberg_0005.jpg 1
Michael_Bloomberg/Michael_Bloomberg_0007.jpg Michael_Bloomberg/Michael_Bloomberg_0011.jpg 1
Michael_Bloomberg/Michael_Bloomberg_0011.jpg Michael_Bloomberg/Michael_Bloomberg_0013.jpg 1
Michael_Chang/Michael_Chang_0001.jpg Michael_Chang/Michael_Chang_0003.jpg 1
Michael_Chang/Michael_Chang_0005.jpg Michael_Chang/Michael_Chang_0006.jpg 1
Michael_Jackson/Michael_Jackson_0001.jpg Michael_Jackson/Michael_Jackson_0006.jpg 1
Michael_Jackson/Michael_Jackson_0002.jpg Michael_Jackson/Michael_Jackson_0003.jpg 1
Michael_Jackson/Michael_Jackson_0002.jpg Michael_Jackson/Michael_Jackson_0011.jpg 1
Michael_Jackson/Michael_Jackson_0002.jpg Michael_Jackson/Michael_Jackson_0012.jpg 1
Michael_Jackson/Michael_Jackson_0011.jpg Michael_Jackson/Michael_Jackson_0012.jpg 1
Michael_Patrick_King/Michael_Patrick_King_0001.jpg Michael_Patrick_King/Michael_Patrick_King_0002.jpg 1
Michelle_Rodriguez/Michelle_Rodriguez_0001.jpg Michelle_Rodriguez/Michelle_Rodriguez_0002.jpg 1
Mike_Babcock/Mike_Babcock_0001.jpg Mike_Babcock/Mike_Babcock_0002.jpg 1
Mike_Martz/Mike_Martz_0001.jpg Mike_Martz/Mike_Martz_0003.jpg 1
Mike_Scioscia/Mike_Scioscia_0001.jpg Mike_Scioscia/Mike_Scioscia_0002.jpg 1
Mikulas_Dzurinda/Mikulas_Dzurinda_0001.jpg Mikulas_Dzurinda/Mikulas_Dzurinda_0002.jpg 1
Miroljub/Miroljub_0001.jpg Miroljub/Miroljub_0002.jpg 1
Nasser_al-Kidwa/Nasser_al-Kidwa_0001.jpg Nasser_al-Kidwa/Nasser_al-Kidwa_0002.jpg 1
Nick_Nolte/Nick_Nolte_0001.jpg Nick_Nolte/Nick_Nolte_0002.jpg 1
Nick_Nolte/Nick_Nolte_0001.jpg Nick_Nolte/Nick_Nolte_0003.jpg 1
Nick_Nolte/Nick_Nolte_0001.jpg Nick_Nolte/Nick_Nolte_0005.jpg 1
Nick_Nolte/Nick_Nolte_0002.jpg Nick_Nolte/Nick_Nolte_0004.jpg 1
Nick_Nolte/Nick_Nolte_0003.jpg Nick_Nolte/Nick_Nolte_0004.jpg 1
OJ_Simpson/OJ_Simpson_0001.jpg OJ_Simpson/OJ_Simpson_0002.jpg 1
Oprah_Winfrey/Oprah_Winfrey_0001.jpg Oprah_Winfrey/Oprah_Winfrey_0002.jpg 1
Oprah_Winfrey/Oprah_Winfrey_0002.jpg Oprah_Winfrey/Oprah_Winfrey_0003.jpg 1
Orlando_Bloom/Orlando_Bloom_0002.jpg Orlando_Bloom/Orlando_Bloom_0003.jpg 1
Ozzy_Osbourne/Ozzy_Osbourne_0001.jpg Ozzy_Osbourne/Ozzy_Osbourne_0003.jpg 1
Paul_Coppin/Paul_Coppin_0001.jpg Paul_Coppin/Paul_Coppin_0002.jpg 1
Paul_Martin/Paul_Martin_0001.jpg Paul_Martin/Paul_Martin_0006.jpg 1
Paul_Martin/Paul_Martin_0001.jpg Paul_Martin/Paul_Martin_0007.jpg 1
Paul_McNulty/Paul_McNulty_0001.jpg Paul_McNulty/Paul_McNulty_0002.jpg 1
Paul_ONeill/Paul_ONeill_0001.jpg Paul_ONeill/Paul_ONeill_0003.jpg 1
Paul_ONeill/Paul_ONeill_0005.jpg Paul_ONeill/Paul_ONeill_0007.jpg 1
Paul_Patton/Paul_Patton_0001.jpg Paul_Patton/Paul_Patton_0002.jpg 1
Paula_Zahn/Paula_Zahn_0001.jpg Paula_Zahn/Paula_Zahn_0002.jpg 1
Pierce_Brosnan/Pierce_Brosnan_0001.jpg Pierce_Brosnan/Pierce_Brosnan_0005.jpg 1
Pierce_Brosnan/Pierce_Brosnan_0003.jpg Pierce_Brosnan/Pierce_Brosnan_0007.jpg 1
Pierce_Brosnan/Pierce_Brosnan_0006.jpg Pierce_Brosnan/Pierce_Brosnan_0009.jpg 1
Pierce_Brosnan/Pierce_Brosnan_0009.jpg Pierce_Brosnan/Pierce_Brosnan_0014.jpg 1
Pierre_Pettigrew/Pierre_Pettigrew_0001.jpg Pierre_Pettigrew/Pierre_Pettigrew_0003.jpg 1
Ralf_Schumacher/Ralf_Schumacher_0005.jpg Ralf_Schumacher/Ralf_Schumacher_0008.jpg 1
Ricky_Barnes/Ricky_Barnes_0001.jpg Ricky_Barnes/Ricky_Barnes_0002.jpg 1
Rita_Wilson/Rita_Wilson_0001.jpg Rita_Wilson/Rita_Wilson_0004.jpg 1
Rob_Schneider/Rob_Schneider_0001.jpg Rob_Schneider/Rob_Schneider_0002.jpg 1
Robbie_Fowler/Robbie_Fowler_0001.jpg Robbie_Fowler/Robbie_Fowler_0002.jpg 1
Robert_Blake/Robert_Blake_0001.jpg Robert_Blake/Robert_Blake_0003.jpg 1
Robert_Blake/Robert_Blake_0001.jpg Robert_Blake/Robert_Blake_0004.jpg 1
Robert_Blake/Robert_Blake_0005.jpg Robert_Blake/Robert_Blake_0006.jpg 1
Rogerio_Romero/Rogerio_Romero_0001.jpg Rogerio_Romero/Rogerio_Romero_0002.jpg 1
Rupert_Grint/Rupert_Grint_0001.jpg Rupert_Grint/Rupert_Grint_0003.jpg 1
Salman_Rushdie/Salman_Rushdie_0001.jpg Salman_Rushdie/Salman_Rushdie_0003.jpg 1
Salman_Rushdie/Salman_Rushdie_0002.jpg Salman_Rushdie/Salman_Rushdie_0003.jpg 1
Scott_Sullivan/Scott_Sullivan_0001.jpg Scott_Sullivan/Scott_Sullivan_0002.jpg 1
Scott_Wolf/Scott_Wolf_0001.jpg Scott_Wolf/Scott_Wolf_0002.jpg 1
Sepp_Blatter/Sepp_Blatter_0001.jpg Sepp_Blatter/Sepp_Blatter_0002.jpg 1
Sepp_Blatter/Sepp_Blatter_0001.jpg Sepp_Blatter/Sepp_Blatter_0003.jpg 1
Sepp_Blatter/Sepp_Blatter_0002.jpg Sepp_Blatter/Sepp_Blatter_0003.jpg 1
Simon_Cowell/Simon_Cowell_0001.jpg Simon_Cowell/Simon_Cowell_0002.jpg 1
Slobodan_Milosevic/Slobodan_Milosevic_0001.jpg Slobodan_Milosevic/Slobodan_Milosevic_0003.jpg 1
Slobodan_Milosevic/Slobodan_Milosevic_0002.jpg Slobodan_Milosevic/Slobodan_Milosevic_0003.jpg 1
Slobodan_Milosevic/Slobodan_Milosevic_0003.jpg Slobodan_Milosevic/Slobodan_Milosevic_0004.jpg 1
Stacy_Dragila/Stacy_Dragila_0001.jpg Stacy_Dragila/Stacy_Dragila_0002.jpg 1
Stephen_Ambrose/Stephen_Ambrose_0001.jpg Stephen_Ambrose/Stephen_Ambrose_0002.jpg 1
Stephen_Daldry/Stephen_Daldry_0001.jpg Stephen_Daldry/Stephen_Daldry_0002.jpg 1
Stephen_Friedman/Stephen_Friedman_0001.jpg Stephen_Friedman/Stephen_Friedman_0002.jpg 1
Theo_Epstein/Theo_Epstein_0001.jpg Theo_Epstein/Theo_Epstein_0002.jpg 1
Thomas_Wyman/Thomas_Wyman_0001.jpg Thomas_Wyman/Thomas_Wyman_0002.jpg 1
Tim_Floyd/Tim_Floyd_0001.jpg Tim_Floyd/Tim_Floyd_0002.jpg 1
Tom_Watson/Tom_Watson_0001.jpg Tom_Watson/Tom_Watson_0003.jpg 1
Tom_Watson/Tom_Watson_0002.jpg Tom_Watson/Tom_Watson_0003.jpg 1
Tommy_Robredo/Tommy_Robredo_0001.jpg Tommy_Robredo/Tommy_Robredo_0003.jpg 1
Tommy_Robredo/Tommy_Robredo_0002.jpg Tommy_Robredo/Tommy_Robredo_0003.jpg 1
Tony_Parker/Tony_Parker_0001.jpg Tony_Parker/Tony_Parker_0002.jpg 1
Tony_Stewart/Tony_Stewart_0001.jpg Tony_Stewart/Tony_Stewart_0006.jpg 1
Tony_Stewart/Tony_Stewart_0002.jpg Tony_Stewart/Tony_Stewart_0003.jpg 1
Tony_Stewart/Tony_Stewart_0004.jpg Tony_Stewart/Tony_Stewart_0005.jpg 1
Tony_Stewart/Tony_Stewart_0004.jpg Tony_Stewart/Tony_Stewart_0006.jpg 1
Vladimir_Voltchkov/Vladimir_Voltchkov_0001.jpg Vladimir_Voltchkov/Vladimir_Voltchkov_0002.jpg 1
Wang_Yi/Wang_Yi_0001.jpg Wang_Yi/Wang_Yi_0002.jpg 1
Zafarullah_Khan_Jamali/Zafarullah_Khan_Jamali_0001.jpg Zafarullah_Khan_Jamali/Zafarullah_Khan_Jamali_0002.jpg 1
Zhu_Rongji/Zhu_Rongji_0001.jpg Zhu_Rongji/Zhu_Rongji_0003.jpg 1
Zhu_Rongji/Zhu_Rongji_0002.jpg Zhu_Rongji/Zhu_Rongji_0008.jpg 1
Aaron_Tippin/Aaron_Tippin_0001.jpg Enos_Slaughter/Enos_Slaughter_0001.jpg 0
Aaron_Tippin/Aaron_Tippin_0001.jpg Juan_Carlos_Ortega/Juan_Carlos_Ortega_0001.jpg 0
Aaron_Tippin/Aaron_Tippin_0001.jpg Marlon_Devonish/Marlon_Devonish_0001.jpg 0
Adam_Ant/Adam_Ant_0001.jpg John_Perrota/John_Perrota_0001.jpg 0
Adam_Ant/Adam_Ant_0001.jpg Noel_Forgeard/Noel_Forgeard_0001.jpg 0
Adam_Ant/Adam_Ant_0001.jpg Richard_Regenhard/Richard_Regenhard_0001.jpg 0
Adam_Mair/Adam_Mair_0001.jpg Daniel_Osorno/Daniel_Osorno_0001.jpg 0
Adoor_Gopalakarishnan/Adoor_Gopalakarishnan_0001.jpg Nathalia_Gillot/Nathalia_Gillot_0001.jpg 0
Alain_Ducasse/Alain_Ducasse_0001.jpg Paul_ONeill/Paul_ONeill_0002.jpg 0
Alan_Greer/Alan_Greer_0001.jpg Alan_Trammell/Alan_Trammell_0001.jpg 0
Alan_Greer/Alan_Greer_0001.jpg Bob_Hayes/Bob_Hayes_0001.jpg 0
Alan_Trammell/Alan_Trammell_0001.jpg Heidi_Fleiss/Heidi_Fleiss_0002.jpg 0
Alan_Trammell/Alan_Trammell_0001.jpg Julie_Taymor/Julie_Taymor_0002.jpg 0
Aldo_Paredes/Aldo_Paredes_0001.jpg Suzanne_Mubarak/Suzanne_Mubarak_0001.jpg 0
Aldo_Paredes/Aldo_Paredes_0002.jpg Zafarullah_Khan_Jamali/Zafarullah_Khan_Jamali_0001.jpg 0
Alecos_Markides/Alecos_Markides_0001.jpg Darryl_Stingley/Darryl_Stingley_0001.jpg 0
Alecos_Markides/Alecos_Markides_0001.jpg Wolfgang_Schneiderhan/Wolfgang_Schneiderhan_0001.jpg 0
Alejandro_Avila/Alejandro_Avila_0003.jpg Benjamin_Franklin/Benjamin_Franklin_0001.jpg 0
Alejandro_Avila/Alejandro_Avila_0003.jpg Darrell_Porter/Darrell_Porter_0001.jpg 0
Alek_Wek/Alek_Wek_0001.jpg Barbara_Bodine/Barbara_Bodine_0001.jpg 0
Alek_Wek/Alek_Wek_0001.jpg Nasser_al-Kidwa/Nasser_al-Kidwa_0001.jpg 0
Alek_Wek/Alek_Wek_0001.jpg Ray_Bradbury/Ray_Bradbury_0001.jpg 0
Alina_Kabaeva/Alina_Kabaeva_0001.jpg Donald_Trump/Donald_Trump_0001.jpg 0
Alina_Kabaeva/Alina_Kabaeva_0001.jpg Jayson_Williams/Jayson_Williams_0002.jpg 0
Alyse_Beaupre/Alyse_Beaupre_0001.jpg Elmar_Brok/Elmar_Brok_0001.jpg 0
Alyse_Beaupre/Alyse_Beaupre_0001.jpg Helo_Pinheiro/Helo_Pinheiro_0001.jpg 0
Alyse_Beaupre/Alyse_Beaupre_0001.jpg Hunter_Bates/Hunter_Bates_0001.jpg 0
Ambrose_Lee/Ambrose_Lee_0001.jpg Ben_Chandler/Ben_Chandler_0001.jpg 0
Amy_Gale/Amy_Gale_0001.jpg Herman_Edwards/Herman_Edwards_0001.jpg 0
Anastasia_Kelesidou/Anastasia_Kelesidou_0001.jpg Brendan_Hansen/Brendan_Hansen_0002.jpg 0
Anastasia_Kelesidou/Anastasia_Kelesidou_0001.jpg Thomas_Wyman/Thomas_Wyman_0002.jpg 0
Andrew_Niccol/Andrew_Niccol_0001.jpg Prince_Felipe/Prince_Felipe_0001.jpg 0
Andrew_Sabey/Andrew_Sabey_0001.jpg Federico_Castelan_Sayre/Federico_Castelan_Sayre_0001.jpg 0
Andrew_Sabey/Andrew_Sabey_0001.jpg Greg_Rusedski/Greg_Rusedski_0001.jpg 0
Andy_Madikians/Andy_Madikians_0001.jpg Jon_Gruden/Jon_Gruden_0001.jpg 0
Andy_Madikians/Andy_Madikians_0001.jpg Pedro_Alvarez/Pedro_Alvarez_0001.jpg 0
Andy_Madikians/Andy_Madikians_0001.jpg Pierce_Brosnan/Pierce_Brosnan_0001.jpg 0
Andy_Perez/Andy_Perez_0001.jpg Elena_Dementieva/Elena_Dementieva_0001.jpg 0
Andy_Perez/Andy_Perez_0001.jpg Stephen_Joseph/Stephen_Joseph_0001.jpg 0
Angie_Martinez/Angie_Martinez_0001.jpg Ruth_Pearce/Ruth_Pearce_0001.jpg 0
Ann_Godbehere/Ann_Godbehere_0001.jpg Tom_Watson/Tom_Watson_0001.jpg 0
Anne_McLellan/Anne_McLellan_0001.jpg Tim_Howard/Tim_Howard_0001.jpg 0
Annette_Bening/Annette_Bening_0001.jpg Ross_Verba/Ross_Verba_0001.jpg 0
Anthony_Hopkins/Anthony_Hopkins_0002.jpg Orlando_Bloom/Orlando_Bloom_0001.jpg 0
Antonio_Bernardo/Antonio_Bernardo_0001.jpg Billy_Donovan/Billy_Donovan_0001.jpg 0
Antonio_Bernardo/Antonio_Bernardo_0001.jpg Dwain_Kyles/Dwain_Kyles_0001.jpg 0
Antonio_Bernardo/Antonio_Bernardo_0001.jpg Elizabeth_Hill/Elizabeth_Hill_0001.jpg 0
Antonio_Bernardo/Antonio_Bernardo_0001.jpg Guy_Hemmings/Guy_Hemmings_0001.jpg 0
Antonio_Bernardo/Antonio_Bernardo_0001.jpg Kareena_Kapoor/Kareena_Kapoor_0001.jpg 0
Anzori_Kikalishvili/Anzori_Kikalishvili_0001.jpg Carlos_Quintanilla_Schmidt/Carlos_Quintanilla_Schmidt_0002.jpg 0
Anzori_Kikalishvili/Anzori_Kikalishvili_0001.jpg Earl_Fritts/Earl_Fritts_0001.jpg 0
Anzori_Kikalishvili/Anzori_Kikalishvili_0001.jpg Salman_Rushdie/Salman_Rushdie_0001.jpg 0
Aram_Adler/Aram_Adler_0001.jpg Cesar_Gaviria/Cesar_Gaviria_0003.jpg 0
Aram_Adler/Aram_Adler_0001.jpg Deepa_Mehta/Deepa_Mehta_0001.jpg 0
Arie_Haan/Arie_Haan_0001.jpg Tony_Parker/Tony_Parker_0002.jpg 0
Ariel_Sharon/Ariel_Sharon_0030.jpg David_Ballantyne/David_Ballantyne_0001.jpg 0
Art_Hoffmann/Art_Hoffmann_0002.jpg Juan_Carlos_Ortega/Juan_Carlos_Ortega_0001.jpg 0
Atiabet_Ijan_Amabel/Atiabet_Ijan_Amabel_0001.jpg John_Perrota/John_Perrota_0001.jpg 0
Augustin_Calleri/Augustin_Calleri_0003.jpg Lee_Jun/Lee_Jun_0002.jpg 0
Barry_Nakell/Barry_Nakell_0001.jpg Maria_Simon/Maria_Simon_0001.jpg 0
Basdeo_Panday/Basdeo_Panday_0001.jpg Filippo_Volandri/Filippo_Volandri_0001.jpg 0
Ben_Betts/Ben_Betts_0001.jpg Kimi_Raikkonen/Kimi_Raikkonen_0003.jpg 0
Ben_Braun/Ben_Braun_0001.jpg Cecilia_Chang/Cecilia_Chang_0001.jpg 0
Ben_Braun/Ben_Braun_0001.jpg Horace_Newcomb/Horace_Newcomb_0001.jpg 0
Ben_Chandler/Ben_Chandler_0001.jpg Larry_Hagman/Larry_Hagman_0001.jpg 0
Ben_Lee/Ben_Lee_0001.jpg Horace_Newcomb/Horace_Newcomb_0001.jpg 0
Ben_Stein/Ben_Stein_0001.jpg David_Canary/David_Canary_0001.jpg 0
Ben_Stein/Ben_Stein_0001.jpg Lionel_Richie/Lionel_Richie_0002.jpg 0
Bernadette_Peters/Bernadette_Peters_0001.jpg Ed_Smart/Ed_Smart_0001.jpg 0
Bertie_Ahern/Bertie_Ahern_0004.jpg Jim_Leach/Jim_Leach_0001.jpg 0
Bill_OReilly/Bill_OReilly_0001.jpg Jim_Wessling/Jim_Wessling_0001.jpg 0
Billy_Boyd/Billy_Boyd_0001.jpg Sid_Caesar/Sid_Caesar_0001.jpg 0
Billy_Donovan/Billy_Donovan_0001.jpg Brandon_Spann/Brandon_Spann_0001.jpg 0
Billy_Donovan/Billy_Donovan_0001.jpg Cabas/Cabas_0001.jpg 0
Billy_Donovan/Billy_Donovan_0001.jpg William_Nessen/William_Nessen_0001.jpg 0
Binyamin_Ben-Eliezer/Binyamin_Ben-Eliezer_0001.jpg Jenny_Romero/Jenny_Romero_0001.jpg 0
Bo_Ryan/Bo_Ryan_0002.jpg Heidi_Fleiss/Heidi_Fleiss_0003.jpg 0
Bob_Beauprez/Bob_Beauprez_0002.jpg Hedayat_Amin_Arsala/Hedayat_Amin_Arsala_0001.jpg 0
Bob_Beauprez/Bob_Beauprez_0002.jpg John_Norquist/John_Norquist_0001.jpg 0
Bob_Hayes/Bob_Hayes_0001.jpg Zhu_Rongji/Zhu_Rongji_0008.jpg 0
Brady_Rodgers/Brady_Rodgers_0001.jpg Jenna_Elfman/Jenna_Elfman_0001.jpg 0
Brandon_Larson/Brandon_Larson_0001.jpg Chita_Rivera/Chita_Rivera_0001.jpg 0
Brendan_Hansen/Brendan_Hansen_0002.jpg Dorothy_Wilson/Dorothy_Wilson_0001.jpg 0
Caio_Blat/Caio_Blat_0001.jpg Sanja_Papic/Sanja_Papic_0001.jpg 0
Carlos_Quintanilla_Schmidt/Carlos_Quintanilla_Schmidt_0001.jpg Nova_Esther_Guthrie/Nova_Esther_Guthrie_0001.jpg 0
Carlos_Quintanilla_Schmidt/Carlos_Quintanilla_Schmidt_0002.jpg Chris_Thomas/Chris_Thomas_0001.jpg 0
Carroll_Weimer/Carroll_Weimer_0001.jpg Chris_Pronger/Chris_Pronger_0001.jpg 0
Carroll_Weimer/Carroll_Weimer_0001.jpg Debbie_Reynolds/Debbie_Reynolds_0002.jpg 0
Cecilia_Bolocco/Cecilia_Bolocco_0001.jpg John_Perrota/John_Perrota_0001.jpg 0
Cecilia_Bolocco/Cecilia_Bolocco_0001.jpg Kurt_Schottenheimer/Kurt_Schottenheimer_0001.jpg 0
Celia_Cruz/Celia_Cruz_0001.jpg Rob_Ramsay/Rob_Ramsay_0001.jpg 0
Charlie_Zaa/Charlie_Zaa_0002.jpg Theo_Epstein/Theo_Epstein_0002.jpg 0
Chris_Pronger/Chris_Pronger_0001.jpg Edgar_Savisaar/Edgar_Savisaar_0001.jpg 0
Christian_Longo/Christian_Longo_0002.jpg David_Carradine/David_Carradine_0001.jpg 0
Christian_Wulff/Christian_Wulff_0002.jpg Kjell_Magne_Bondevik/Kjell_Magne_Bondevik_0003.jpg 0
Cindy_Klassen/Cindy_Klassen_0001.jpg Val_Ackerman/Val_Ackerman_0001.jpg 0
Cindy_Taylor/Cindy_Taylor_0001.jpg Fabian_Vargas/Fabian_Vargas_0001.jpg 0
Claudette_Robinson/Claudette_Robinson_0001.jpg Eric_Fehr/Eric_Fehr_0001.jpg 0
Clifford_Robinson/Clifford_Robinson_0001.jpg Magdalena_Maleeva/Magdalena_Maleeva_0002.jpg 0
Clifford_Robinson/Clifford_Robinson_0001.jpg Shirley_Jones/Shirley_Jones_0001.jpg 0
Clifford_Robinson/Clifford_Robinson_0001.jpg Tim_Howard/Tim_Howard_0001.jpg 0
Colin_Jackson/Colin_Jackson_0001.jpg Marcelo_Ebrard/Marcelo_Ebrard_0003.jpg 0
Colin_Jackson/Colin_Jackson_0002.jpg Hunter_Bates/Hunter_Bates_0001.jpg 0
Columba_Bush/Columba_Bush_0001.jpg Larry_Anderson/Larry_Anderson_0001.jpg 0
Columba_Bush/Columba_Bush_0001.jpg Neil_Goldman/Neil_Goldman_0001.jpg 0
Craig_Fitzgibbon/Craig_Fitzgibbon_0001.jpg Joe_Dumars/Joe_Dumars_0001.jpg 0
Cristian_Barros/Cristian_Barros_0001.jpg Steve_Largent/Steve_Largent_0001.jpg 0
Curtis_Strange/Curtis_Strange_0001.jpg Kurt_Schottenheimer/Kurt_Schottenheimer_0001.jpg 0
Curtis_Strange/Curtis_Strange_0001.jpg Raul_Chacon/Raul_Chacon_0001.jpg 0
Dan_Kellner/Dan_Kellner_0001.jpg Freda_Black/Freda_Black_0001.jpg 0
Dan_LaCoutre/Dan_LaCoutre_0001.jpg Gustavo_Kuerten/Gustavo_Kuerten_0002.jpg 0
Dan_Monson/Dan_Monson_0001.jpg Jim_Flaherty/Jim_Flaherty_0001.jpg 0
Dan_Monson/Dan_Monson_0001.jpg Rafael_Vinoly/Rafael_Vinoly_0001.jpg 0
Darrell_Porter/Darrell_Porter_0002.jpg Robert_Towne/Robert_Towne_0001.jpg 0
Dave_Campo/Dave_Campo_0002.jpg Jenny_Romero/Jenny_Romero_0001.jpg 0
David_Ballantyne/David_Ballantyne_0001.jpg Diana_Taurasi/Diana_Taurasi_0002.jpg 0
David_Carradine/David_Carradine_0001.jpg Kobe_Bryant/Kobe_Bryant_0001.jpg 0
David_Dodge/David_Dodge_0001.jpg Francois_Botha/Francois_Botha_0001.jpg 0
David_Dodge/David_Dodge_0001.jpg Larry_Anderson/Larry_Anderson_0001.jpg 0
David_Dodge/David_Dodge_0002.jpg Thomas_Wyman/Thomas_Wyman_0002.jpg 0
David_Heyman/David_Heyman_0001.jpg Rod_Paige/Rod_Paige_0001.jpg 0
David_Oh/David_Oh_0001.jpg Desiree_McKenzie/Desiree_McKenzie_0001.jpg 0
David_Oh/David_Oh_0001.jpg Joe_Garner/Joe_Garner_0001.jpg 0
David_Spade/David_Spade_0002.jpg Denise_Locke/Denise_Locke_0001.jpg 0
David_Suazo/David_Suazo_0001.jpg Jane_Krakowski/Jane_Krakowski_0001.jpg 0
David_Wells/David_Wells_0001.jpg Mary_Hill/Mary_Hill_0001.jpg 0
David_Wells/David_Wells_0001.jpg Yannos_Papantoniou/Yannos_Papantoniou_0001.jpg 0
Dawna_LoPiccolo/Dawna_LoPiccolo_0001.jpg Jean-Claude_Juncker/Jean-Claude_Juncker_0002.jpg 0
Debbie_Reynolds/Debbie_Reynolds_0001.jpg Nick_Nolte/Nick_Nolte_0001.jpg 0
Deniz_Baykal/Deniz_Baykal_0001.jpg Kathy_Bates/Kathy_Bates_0001.jpg 0
Deniz_Baykal/Deniz_Baykal_0001.jpg Robin_Wagner/Robin_Wagner_0001.jpg 0
Desiree_McKenzie/Desiree_McKenzie_0001.jpg John_Danforth/John_Danforth_0001.jpg 0
Dick_Devine/Dick_Devine_0001.jpg Michael_Jackson/Michael_Jackson_0009.jpg 0
Dinora_Rosales/Dinora_Rosales_0001.jpg Robbie_Fowler/Robbie_Fowler_0001.jpg 0
Dirk_Kempthorne/Dirk_Kempthorne_0001.jpg Janusz_Kaminski/Janusz_Kaminski_0001.jpg 0
Donald_Evans/Donald_Evans_0002.jpg Fred_Funk/Fred_Funk_0002.jpg 0
Dorothy_Wilson/Dorothy_Wilson_0001.jpg Jim_Thome/Jim_Thome_0001.jpg 0
Drew_Gooden/Drew_Gooden_0001.jpg Kimi_Raikkonen/Kimi_Raikkonen_0003.jpg 0
Dwain_Kyles/Dwain_Kyles_0001.jpg Gregory_Peck/Gregory_Peck_0001.jpg 0
Ed_Smart/Ed_Smart_0003.jpg Jason_Gardner/Jason_Gardner_0001.jpg 0
Edgar_Savisaar/Edgar_Savisaar_0001.jpg Kirk_Doerger/Kirk_Doerger_0001.jpg 0
Edward_Burns/Edward_Burns_0001.jpg Paul_ONeill/Paul_ONeill_0001.jpg 0
Elmar_Brok/Elmar_Brok_0001.jpg Jose_Jose/Jose_Jose_0001.jpg 0
Emily_Mortimer/Emily_Mortimer_0001.jpg Maria_Simon/Maria_Simon_0001.jpg 0
Enos_Slaughter/Enos_Slaughter_0001.jpg Qais_al-Kazali/Qais_al-Kazali_0001.jpg 0
Eric_Fehr/Eric_Fehr_0001.jpg Lee_Jun/Lee_Jun_0002.jpg 0
Eric_Fehr/Eric_Fehr_0001.jpg Tamara_Mowry/Tamara_Mowry_0001.jpg 0
Faisal_Saleh_Hayat/Faisal_Saleh_Hayat_0001.jpg Marwan_Barghouthi/Marwan_Barghouthi_0001.jpg 0
Federico_Castelan_Sayre/Federico_Castelan_Sayre_0001.jpg Jimmy_Jimenez/Jimmy_Jimenez_0001.jpg 0
Fiona_Milne/Fiona_Milne_0001.jpg Hartmut_Mehdorn/Hartmut_Mehdorn_0001.jpg 0
Fiona_Milne/Fiona_Milne_0001.jpg Josh_Kronfeld/Josh_Kronfeld_0001.jpg 0
Floyd_Keith/Floyd_Keith_0001.jpg Halle_Berry/Halle_Berry_0001.jpg 0
Franklin_Brown/Franklin_Brown_0001.jpg Michael_Jackson/Michael_Jackson_0010.jpg 0
Franklin_Brown/Franklin_Brown_0001.jpg Tamara_Mowry/Tamara_Mowry_0001.jpg 0
Franklin_Brown/Franklin_Brown_0001.jpg Yolanda_King/Yolanda_King_0001.jpg 0
Freda_Black/Freda_Black_0001.jpg Rod_Paige/Rod_Paige_0001.jpg 0
Fruit_Chan/Fruit_Chan_0001.jpg Kjell_Magne_Bondevik/Kjell_Magne_Bondevik_0003.jpg 0
Gary_Winnick/Gary_Winnick_0001.jpg Michael_Patrick_King/Michael_Patrick_King_0002.jpg 0
George_Robertson/George_Robertson_0005.jpg Robbie_Mc_Ewen/Robbie_Mc_Ewen_0001.jpg 0
Gloria_Trevi/Gloria_Trevi_0004.jpg William_Ragland/William_Ragland_0001.jpg 0
Grace_Dodd/Grace_Dodd_0001.jpg Henrique_Meirelles/Henrique_Meirelles_0001.jpg 0
Graeme_Lloyd/Graeme_Lloyd_0001.jpg Humberto_Coelho/Humberto_Coelho_0001.jpg 0
Graeme_Lloyd/Graeme_Lloyd_0001.jpg Laura_Pausini/Laura_Pausini_0001.jpg 0
Greg_Rusedski/Greg_Rusedski_0002.jpg Horace_Newcomb/Horace_Newcomb_0001.jpg 0
Greg_Rusedski/Greg_Rusedski_0003.jpg Javier_Bardem/Javier_Bardem_0001.jpg 0
Greg_Rusedski/Greg_Rusedski_0003.jpg Marcos_Milinkovic/Marcos_Milinkovic_0001.jpg 0
Gregory_Peck/Gregory_Peck_0001.jpg Jacqueline_Obradors/Jacqueline_Obradors_0001.jpg 0
Guillermo_Ruiz_Polanco/Guillermo_Ruiz_Polanco_0001.jpg Jon_Constance/Jon_Constance_0001.jpg 0
Gustavo_Kuerten/Gustavo_Kuerten_0001.jpg Rani_Mukherjee/Rani_Mukherjee_0001.jpg 0
Halle_Berry/Halle_Berry_0012.jpg Janet_Chandler/Janet_Chandler_0001.jpg 0
Hartmut_Mehdorn/Hartmut_Mehdorn_0001.jpg Natanaela_Barnova/Natanaela_Barnova_0001.jpg 0
Hartmut_Mehdorn/Hartmut_Mehdorn_0001.jpg Sanja_Papic/Sanja_Papic_0001.jpg 0
Hartmut_Mehdorn/Hartmut_Mehdorn_0001.jpg Svetlana_Belousova/Svetlana_Belousova_0001.jpg 0
Haydar_Aliyev/Haydar_Aliyev_0001.jpg Nuon_Chea/Nuon_Chea_0001.jpg 0
Heather_Willson/Heather_Willson_0001.jpg Lynn_Redgrave/Lynn_Redgrave_0003.jpg 0
Hector_Mitelman/Hector_Mitelman_0001.jpg Jon_Gruden/Jon_Gruden_0002.jpg 0
Helo_Pinheiro/Helo_Pinheiro_0001.jpg Robert_Durst/Robert_Durst_0001.jpg 0
Herman_Edwards/Herman_Edwards_0001.jpg Patrick_Eaves/Patrick_Eaves_0001.jpg 0
Hermogenes_Ebdane_Jr/Hermogenes_Ebdane_Jr_0001.jpg Sanja_Papic/Sanja_Papic_0001.jpg 0
Horace_Newcomb/Horace_Newcomb_0001.jpg Stephan_Eberharter/Stephan_Eberharter_0001.jpg 0
Hugo_Colace/Hugo_Colace_0001.jpg Kim_Yun-kyu/Kim_Yun-kyu_0001.jpg 0
Humberto_Coelho/Humberto_Coelho_0001.jpg Sue_Wicks/Sue_Wicks_0002.jpg 0
Hunter_Bates/Hunter_Bates_0001.jpg Pedro_Alvarez/Pedro_Alvarez_0001.jpg 0
Hunter_Bates/Hunter_Bates_0001.jpg William_Rosenberg/William_Rosenberg_0001.jpg 0
Igor_Trunov/Igor_Trunov_0001.jpg Peter_Sejna/Peter_Sejna_0001.jpg 0
Ivan_Stambolic/Ivan_Stambolic_0001.jpg Michael_Bloomberg/Michael_Bloomberg_0018.jpg 0
Jack_LaLanne/Jack_LaLanne_0001.jpg Yves_Brodeur/Yves_Brodeur_0001.jpg 0
Jacqueline_Obradors/Jacqueline_Obradors_0001.jpg Julie_Taymor/Julie_Taymor_0001.jpg 0
Jada_Pinkett_Smith/Jada_Pinkett_Smith_0002.jpg Jenny_Romero/Jenny_Romero_0001.jpg 0
James_Cunningham/James_Cunningham_0003.jpg Stephen_Daldry/Stephen_Daldry_0001.jpg 0
James_Gibson/James_Gibson_0001.jpg Roger_Corbett/Roger_Corbett_0001.jpg 0
James_Parker/James_Parker_0001.jpg Saeed_Mortazavi/Saeed_Mortazavi_0001.jpg 0
Jane_Krakowski/Jane_Krakowski_0001.jpg Shingo_Suetsugu/Shingo_Suetsugu_0001.jpg 0
Janice_Goldfinger/Janice_Goldfinger_0001.jpg Pyar_Jung_Thapa/Pyar_Jung_Thapa_0001.jpg 0
Janusz_Kaminski/Janusz_Kaminski_0001.jpg Lisa_Stone/Lisa_Stone_0001.jpg 0
Jason_Lezak/Jason_Lezak_0001.jpg John_Bolton/John_Bolton_0004.jpg 0
Jason_Lezak/Jason_Lezak_0001.jpg Simon_Cowell/Simon_Cowell_0001.jpg 0
Javier_Vazquez/Javier_Vazquez_0001.jpg Karin_Stoiber/Karin_Stoiber_0002.jpg 0
Jay_Rasulo/Jay_Rasulo_0001.jpg Nova_Esther_Guthrie/Nova_Esther_Guthrie_0001.jpg 0
Jean-Marc_Olive/Jean-Marc_Olive_0001.jpg John_Timoney/John_Timoney_0001.jpg 0
Jean-Marc_Olive/Jean-Marc_Olive_0001.jpg Tino_Martinez/Tino_Martinez_0001.jpg 0
Jeri_Ryan/Jeri_Ryan_0001.jpg Nova_Esther_Guthrie/Nova_Esther_Guthrie_0001.jpg 0
Jeri_Ryan/Jeri_Ryan_0001.jpg Peter_Goldmark/Peter_Goldmark_0001.jpg 0
Jeri_Ryan/Jeri_Ryan_0001.jpg Scott_Sullivan/Scott_Sullivan_0002.jpg 0
Jeri_Ryan/Jeri_Ryan_0001.jpg Skip_Prosser/Skip_Prosser_0001.jpg 0
Jesse_James_Leija/Jesse_James_Leija_0002.jpg Joaquin_Phoenix/Joaquin_Phoenix_0001.jpg 0
Jesse_James_Leija/Jesse_James_Leija_0002.jpg Nick_Nolte/Nick_Nolte_0004.jpg 0
Jesse_Ventura/Jesse_Ventura_0002.jpg Lela_Rochon/Lela_Rochon_0001.jpg 0
Jessica_Biel/Jessica_Biel_0001.jpg Jim_Fassel/Jim_Fassel_0001.jpg 0
Jim_Flaherty/Jim_Flaherty_0001.jpg Mark_Andrew/Mark_Andrew_0001.jpg 0
Jim_Tressel/Jim_Tressel_0003.jpg Ralf_Schumacher/Ralf_Schumacher_0003.jpg 0
Jimmy_Jimenez/Jimmy_Jimenez_0001.jpg Miles_Stewart/Miles_Stewart_0001.jpg 0
Jimmy_Lee/Jimmy_Lee_0001.jpg Nova_Esther_Guthrie/Nova_Esther_Guthrie_0001.jpg 0
Joan_Laporta/Joan_Laporta_0003.jpg Roy_Romanow/Roy_Romanow_0001.jpg 0
Joaquin_Phoenix/Joaquin_Phoenix_0001.jpg Rainer_Geulen/Rainer_Geulen_0001.jpg 0
Joe_Dumars/Joe_Dumars_0002.jpg Timothy_McVeigh/Timothy_McVeigh_0001.jpg 0
John_Bolton/John_Bolton_0014.jpg Kim_Yun-kyu/Kim_Yun-kyu_0001.jpg 0
John_Kerr/John_Kerr_0001.jpg Li_Changchun/Li_Changchun_0001.jpg 0
John_Swofford/John_Swofford_0002.jpg Sok_An/Sok_An_0001.jpg 0
Juan_Fernandez/Juan_Fernandez_0001.jpg Paul_Krueger/Paul_Krueger_0001.jpg 0
Juan_Fernandez/Juan_Fernandez_0001.jpg Suzanne_Mubarak/Suzanne_Mubarak_0001.jpg 0
Justin_Wilson/Justin_Wilson_0001.jpg Larry_Hagman/Larry_Hagman_0001.jpg 0
Justin_Wilson/Justin_Wilson_0001.jpg Ray_Bradbury/Ray_Bradbury_0001.jpg 0
Kara_Lynn_Joyce/Kara_Lynn_Joyce_0001.jpg Zach_Pillar/Zach_Pillar_0001.jpg 0
Kim_Chinn/Kim_Chinn_0001.jpg Robert_Flodquist/Robert_Flodquist_0001.jpg 0
Kim_Chinn/Kim_Chinn_0001.jpg Ruth_Harlow/Ruth_Harlow_0002.jpg 0
Kim_Yong-il/Kim_Yong-il_0002.jpg Linda_Ham/Linda_Ham_0001.jpg 0
Kwon_Yang-sook/Kwon_Yang-sook_0003.jpg Tommy_Robredo/Tommy_Robredo_0001.jpg 0
Lane_Bryant/Lane_Bryant_0001.jpg Yannos_Papantoniou/Yannos_Papantoniou_0001.jpg 0
Larry_Hagman/Larry_Hagman_0001.jpg Teddy_Kollek/Teddy_Kollek_0001.jpg 0
Larry_Hagman/Larry_Hagman_0001.jpg Val_Ackerman/Val_Ackerman_0001.jpg 0
Laura_Gobai/Laura_Gobai_0001.jpg Robin_Wagner/Robin_Wagner_0001.jpg 0
Laura_Pausini/Laura_Pausini_0001.jpg Thad_Matta/Thad_Matta_0001.jpg 0
Laura_Romero/Laura_Romero_0001.jpg Paula_Zahn/Paula_Zahn_0002.jpg 0
Lee_Jun/Lee_Jun_0001.jpg Ruth_Pearce/Ruth_Pearce_0001.jpg 0
Lee_Jun/Lee_Jun_0002.jpg Stephen_Friedman/Stephen_Friedman_0001.jpg 0
Lela_Rochon/Lela_Rochon_0001.jpg Michael_Haneke/Michael_Haneke_0001.jpg 0
Lela_Rochon/Lela_Rochon_0001.jpg Yannos_Papantoniou/Yannos_Papantoniou_0001.jpg 0
Lesley_Flood/Lesley_Flood_0001.jpg Peter_Goldmark/Peter_Goldmark_0001.jpg 0
Li_Changchun/Li_Changchun_0001.jpg Pieter_Bouw/Pieter_Bouw_0001.jpg 0
Lina_Krasnoroutskaya/Lina_Krasnoroutskaya_0001.jpg Troy_Polamalu/Troy_Polamalu_0001.jpg 0
Linda_Lingle/Linda_Lingle_0001.jpg Victor_Hanescu/Victor_Hanescu_0001.jpg 0
Lisa_Stone/Lisa_Stone_0001.jpg Rod_Paige/Rod_Paige_0001.jpg 0
Lisa_Stone/Lisa_Stone_0001.jpg Scott_Sullivan/Scott_Sullivan_0002.jpg 0
Lou_Lang/Lou_Lang_0001.jpg Nova_Esther_Guthrie/Nova_Esther_Guthrie_0001.jpg 0
Luc_Montagnier/Luc_Montagnier_0001.jpg Paul_Krueger/Paul_Krueger_0001.jpg 0
Luc_Montagnier/Luc_Montagnier_0001.jpg Pedro_Alvarez/Pedro_Alvarez_0001.jpg 0
Luc_Montagnier/Luc_Montagnier_0001.jpg Pierre_Pettigrew/Pierre_Pettigrew_0002.jpg 0
Luis_Guzman/Luis_Guzman_0001.jpg Patsy_Kensit/Patsy_Kensit_0001.jpg 0
Marcelo_Ebrard/Marcelo_Ebrard_0002.jpg Mike_Scioscia/Mike_Scioscia_0002.jpg 0
Marcelo_Rios/Marcelo_Rios_0004.jpg Maria_Shriver/Maria_Shriver_0003.jpg 0
Marcelo_Rios/Marcelo_Rios_0004.jpg Pierre_Pettigrew/Pierre_Pettigrew_0001.jpg 0
Marcelo_Rios/Marcelo_Rios_0004.jpg Saeed_Mortazavi/Saeed_Mortazavi_0001.jpg 0
Margaret_Thatcher/Margaret_Thatcher_0001.jpg Pedro_Alvarez/Pedro_Alvarez_0001.jpg 0
Margaret_Thatcher/Margaret_Thatcher_0001.jpg Salman_Rushdie/Salman_Rushdie_0002.jpg 0
Maria_Simon/Maria_Simon_0001.jpg Mona_Rishmawi/Mona_Rishmawi_0001.jpg 0
Maria_Simon/Maria_Simon_0001.jpg Robert_Durst/Robert_Durst_0001.jpg 0
Marlon_Devonish/Marlon_Devonish_0001.jpg Patrick_Clawsen/Patrick_Clawsen_0001.jpg 0
Max_von_Sydow/Max_von_Sydow_0001.jpg Zhu_Rongji/Zhu_Rongji_0001.jpg 0
Mel_Karmazin/Mel_Karmazin_0001.jpg Pierre_Pettigrew/Pierre_Pettigrew_0001.jpg 0
Melana_Scantlin/Melana_Scantlin_0001.jpg William_Ragland/William_Ragland_0001.jpg 0
Michael_Bloomberg/Michael_Bloomberg_0015.jpg Ozzy_Osbourne/Ozzy_Osbourne_0002.jpg 0
Michael_J_Fox/Michael_J_Fox_0001.jpg Ricky_Barnes/Ricky_Barnes_0001.jpg 0
Michael_J_Fox/Michael_J_Fox_0001.jpg Thomas_Daily/Thomas_Daily_0001.jpg 0
Micky_Ward/Micky_Ward_0001.jpg Takenori_Kanzaki/Takenori_Kanzaki_0001.jpg 0
Mike_Babcock/Mike_Babcock_0001.jpg Tony_Parker/Tony_Parker_0002.jpg 0
Mike_Martz/Mike_Martz_0005.jpg William_Burns/William_Burns_0001.jpg 0
Mira_Sorvino/Mira_Sorvino_0001.jpg Simon_Cowell/Simon_Cowell_0002.jpg 0
Mira_Sorvino/Mira_Sorvino_0001.jpg Tom_Tunney/Tom_Tunney_0001.jpg 0
Miroljub/Miroljub_0002.jpg Theo_Epstein/Theo_Epstein_0001.jpg 0
Mitzi_Gaynor/Mitzi_Gaynor_0001.jpg Ruth_Harlow/Ruth_Harlow_0001.jpg 0
Mohammed_Dahlan/Mohammed_Dahlan_0001.jpg Ronald_White/Ronald_White_0001.jpg 0
Natanaela_Barnova/Natanaela_Barnova_0001.jpg Nuon_Chea/Nuon_Chea_0001.jpg 0
Noel_Forgeard/Noel_Forgeard_0001.jpg Zach_Pillar/Zach_Pillar_0001.jpg 0
Normand_Legault/Normand_Legault_0001.jpg Omar_Vizquel/Omar_Vizquel_0001.jpg 0
Normand_Legault/Normand_Legault_0001.jpg Rupert_Grint/Rupert_Grint_0003.jpg 0
Nova_Esther_Guthrie/Nova_Esther_Guthrie_0001.jpg Stephen_Joseph/Stephen_Joseph_0001.jpg 0
Ontario_Lett/Ontario_Lett_0001.jpg Wallace_Capel/Wallace_Capel_0001.jpg 0
Orlando_Bloom/Orlando_Bloom_0001.jpg Ray_Liotta/Ray_Liotta_0001.jpg 0
Patrick_Clawsen/Patrick_Clawsen_0001.jpg Sandra_Banning/Sandra_Banning_0001.jpg 0
Paul_Coppin/Paul_Coppin_0002.jpg Rick_Husband/Rick_Husband_0001.jpg 0
Paul_Murphy/Paul_Murphy_0001.jpg Qazi_Hussain_Ahmed/Qazi_Hussain_Ahmed_0001.jpg 0
Paul_Newman/Paul_Newman_0001.jpg Robert_Blake/Robert_Blake_0003.jpg 0
Paula_Zahn/Paula_Zahn_0001.jpg Tamara_Mowry/Tamara_Mowry_0001.jpg 0
Peter_Ahearn/Peter_Ahearn_0001.jpg Romain_Duris/Romain_Duris_0001.jpg 0
Peter_Gabriel/Peter_Gabriel_0001.jpg Peter_OToole/Peter_OToole_0001.jpg 0
Peter_Lundgren/Peter_Lundgren_0001.jpg William_Rosenberg/William_Rosenberg_0001.jpg 0
Peter_OToole/Peter_OToole_0001.jpg Qazi_Afzal/Qazi_Afzal_0001.jpg 0
Qais_al-Kazali/Qais_al-Kazali_0001.jpg Ringo_Starr/Ringo_Starr_0001.jpg 0
Randy_Brown/Randy_Brown_0001.jpg Val_Ackerman/Val_Ackerman_0001.jpg 0
Rani_Mukherjee/Rani_Mukherjee_0001.jpg Timothy_McVeigh/Timothy_McVeigh_0001.jpg 0
Ringo_Starr/Ringo_Starr_0001.jpg Zach_Pillar/Zach_Pillar_0001.jpg 0
Roger_Corbett/Roger_Corbett_0001.jpg Tocker_Pudwill/Tocker_Pudwill_0001.jpg 0
Ruth_Harlow/Ruth_Harlow_0001.jpg Virgina_Ruano_Pascal/Virgina_Ruano_Pascal_0001.jpg 0
Sandra_Banning/Sandra_Banning_0001.jpg Wolfgang_Schneiderhan/Wolfgang_Schneiderhan_0001.jpg 0
Scott_Wolf/Scott_Wolf_0002.jpg Troy_Polamalu/Troy_Polamalu_0001.jpg 0
Sergei_Alexandrovitch_Ordzhonikidze/Sergei_Alexandrovitch_Ordzhonikidze_0001.jpg Yolanda_King/Yolanda_King_0001.jpg 0
Shane_Loux/Shane_Loux_0001.jpg Val_Ackerman/Val_Ackerman_0001.jpg 0
Shawn_Marion/Shawn_Marion_0001.jpg Shirley_Jones/Shirley_Jones_0001.jpg 0
Slobodan_Milosevic/Slobodan_Milosevic_0002.jpg Sok_An/Sok_An_0001.jpg 0
